mA,era,ch,wp,win_lo,win_hi,n_presel,n_pass,yield_none,eff_none,mean_none,rms_none,seff_none,rmean_R_none,eff_nominal,mean_nominal,rms_nominal,seff_nominal,rmean_R_nominal,eff_nominal_hash,mean_nominal_hash,rms_nominal_hash,seff_nominal_hash,rmean_R_nominal_hash,eff_zmhsb,mean_zmhsb,rms_zmhsb,seff_zmhsb,rmean_R_zmhsb,eff_zmhsb_hash,mean_zmhsb_hash,rms_zmhsb_hash,seff_zmhsb_hash,rmean_R_zmhsb_hash,eff_zmnarrowhsb,mean_zmnarrowhsb,rms_zmnarrowhsb,seff_zmnarrowhsb,rmean_R_zmnarrowhsb,eff_zmnarrowhsb_hash,mean_zmnarrowhsb_hash,rms_zmnarrowhsb_hash,seff_zmnarrowhsb_hash,rmean_R_zmnarrowhsb_hash,dy_zmhsb,dyerr_zmhsb,dy_zmhsb_hash,dyerr_zmhsb_hash,dy_zmnarrowhsb,dyerr_zmnarrowhsb,dy_zmnarrowhsb_hash,dyerr_zmnarrowhsb_hash,dy_nominal_vs_none,dyerr_nominal_vs_none,dy_nominal_hash_vs_none,dyerr_nominal_hash_vs_none,cur_up,cur_dn
1,2022preEE,ele,0.963,115.0,133.0,3048,177,0.22470347511505864,0.056599045617957165,125.79858406419605,3.1170773492885955,2.900828118577955,1.0,0.056814357298727684,125.70388699963367,3.1420045733046678,2.9410995716246475,1.0109510030413875,0.05705970777667309,125.71001893078437,3.145047423404867,2.959409694722204,0.9831117354975694,0.059550596693618264,125.8687226988576,3.1312073606662807,2.9410995716246475,1.3206657725527993,0.05896618191263733,125.88538939443991,3.1433302381064916,2.959409694722204,1.1859017130468745,0.05202230645791201,125.7502177666471,3.1740691022711047,3.0400980059531975,0.9936415182150656,0.05331781800495717,125.64422995713255,3.1565585554666655,3.0400980059531975,0.9157459670848316,0.04816105514497937,0.01746423181836575,0.03341191552235112,0.017385382163512198,-0.08434577224237982,0.023790926069326025,-0.06557849518545311,0.023540380284273053,0.003804157445054246,0.013314474742997354,0.008139044637349269,0.013641843788507479,0.014799952507019043,-0.013119935989379883
1,2022preEE,mu,0.963,115.0,133.0,3455,204,0.26761010718319467,0.0623055718974863,125.72514633544324,2.9792489759731993,2.354994203792927,1.0,0.06307708975290949,125.69029000159061,3.017498584996,2.483064978601355,1.0062287874330007,0.06331926598028774,125.69874415847073,3.015675718985172,2.483064978601355,0.9784817065499068,0.06224920540643496,125.77555074088099,3.113283340956797,2.6187744021664514,1.3108109913181736,0.061375408550271356,125.7925326241268,3.1050776460505265,2.6194481609336293,1.1779563261075756,0.056386247376795345,125.73055226946208,3.0573775438243214,2.495432939463413,0.9980945960707134,0.05863823647345299,125.62029722240196,3.006455141686389,2.3779288708958077,0.9212757500684644,-0.013124961055076989,0.014961748211957334,-0.030699304546921602,0.01601201252280295,-0.10607405006039483,0.021314046340712853,-0.07392741268182146,0.023267883376522757,0.012382806736652707,0.011125561037661708,0.01626971797111998,0.011062240206152974,0.01019585132598877,-0.008682310581207275
1,2022preEE,all,0.963,115.0,133.0,6503,381,0.4923135822982533,0.05956451352570528,125.75866503866139,3.0431514636089982,2.7098017615455774,1.0,0.06006154485442688,125.69648307994632,3.0748405273057577,2.7249860081243327,1.0084970445114194,0.06030518904994011,125.70388096597242,3.0752978501320594,2.7338220848078194,0.9807056829213301,0.060947916513418056,125.81944889716625,3.1220875272187043,2.81795265728406,1.3155446119626877,0.060214123519833185,125.83636342281972,3.1235362366653647,2.81795265728406,1.1817727931350088,0.054294953481765065,125.7395819269271,3.1115167940214783,2.826103056016798,0.9959556159384038,0.05609063455234759,125.63119053878103,3.075708347542144,2.761784096832244,0.9186195881235361,0.01475772328433278,0.011908907153575671,-0.0015100778480523491,0.012460029781871053,-0.09601137277834737,0.015453318822519869,-0.0698870953559626,0.015861403529375612,0.008344420180769196,0.008854286451662325,0.012434845521154037,0.008911134969736615,0.012433021472274031,-0.01083858879778182
1,2022postEE,ele,0.963,115.0,133.0,2913,167,0.593291141748193,0.056618630344821314,125.56175192588624,3.442798476354274,3.130657043316127,1.0,0.056261736870154934,125.52773845429519,3.3726142309524842,2.9996786068479793,1.013362212024056,0.056266672562146916,125.50570489411922,3.3668961533655497,2.9996786068479793,0.9866387523203966,0.056884452239816335,125.6762261859653,3.373420090606626,3.0789200575623923,1.3242069375391867,0.05615162010415855,125.6662700239962,3.3631148392954744,3.0789200575623923,1.190108992641048,0.054348096322869494,125.88583849231436,3.385976865463291,3.149874309279923,1.0072724250225547,0.054446641985429624,125.70847332748112,3.328456295808526,3.0789200575623923,0.9265118406891821,0.011068186023096782,0.01789877887114409,-0.00204477095853306,0.018756549326126287,-0.0340131793602797,0.034540986096526095,-0.03234651159986501,0.03492998574851399,-0.006303463585975333,0.016677169348393656,-0.006216289241383732,0.01744649063028368,0.01504659652709961,-0.013404428958892822
1,2022postEE,mu,0.963,115.0,133.0,3379,199,0.7109939147457309,0.05423032500910623,125.52716135397904,3.282302876153775,2.467707845272109,1.0,0.05530930093411663,125.4881213406827,3.2748883134101563,2.467707845272109,1.0083834313100664,0.055462869897031655,125.48338257046257,3.2737333559831696,2.467707845272109,0.9805830610910465,0.05653864068355222,125.69127105134555,3.2889788925594576,2.5455382980362202,1.3063868429421963,0.055576594729054796,125.6783057726723,3.305089225331884,2.5455382980362202,1.1750432806083118,0.04938430982348148,125.78652829162789,3.1974018332034815,2.5335777579755714,1.004633246911122,0.0510796040787882,125.70278360065,3.1413480411181127,2.4592571195889548,0.9228064140007388,0.0222266369068731,0.01624262486621227,0.002050467857762639,0.016424000535937035,-0.10712467904255174,0.02582921037201061,-0.07903063484419592,0.027034407357744244,0.019896172940678802,0.012489166365286315,0.022727964247281518,0.012749763834998824,0.014932036399841309,-0.013031244277954102
1,2022postEE,all,0.963,115.0,133.0,6292,366,1.304285056493924,0.05529124393278103,125.54289585909997,3.356304742369545,2.7507194545757088,1.0,0.05573354487471967,125.50593524741697,3.3192454935559716,2.7145410787549906,1.0105950759424798,0.05582115257113306,125.49341181451618,3.315933091521659,2.7002200578757183,0.9832730845671384,0.05669341264327346,125.68451485805696,3.3271724059432364,2.7507194545757088,1.3143027803631382,0.05583383901967823,125.67289079529877,3.3313258554379575,2.7507194545757088,1.1817356824361456,0.05159250945560698,125.83306726333728,3.287493057626532,2.774215238223661,1.0058056070610144,0.052578621791625424,125.70540668391384,3.228957450980643,2.7002200578757183,0.9244524168108786,0.017222442439493557,0.011725462569954664,0.0002272695557297144,0.011778520794234975,-0.07430059272958667,0.021746417917169254,-0.058087850754705794,0.022339652362065542,0.007999475332411743,0.00967917172909459,0.009583952189541112,0.009997195802838442,0.014982879625600057,-0.013196868334392976
1,2023preBPix,ele,0.963,115.0,133.0,2123,103,0.3427957841240021,0.04446042957290745,124.98475512735627,3.71701400068512,3.403149351772207,1.0,0.04311038471618715,125.0568688879852,3.658008585774834,3.226330577847115,1.0107524249870374,0.04321489264637428,125.06443956517296,3.6437960024453253,3.226330577847115,0.9829401431369338,0.04519448122915194,125.21492669179204,3.717741177406356,3.3013538795838144,1.31314036178649,0.044314986774600704,125.25235380990097,3.7109566745999865,3.3013538795838144,1.181262808871996,0.03926886665539663,125.16410694785642,3.4892819724415745,2.8238415572082047,1.0001037640925596,0.04028021071108027,125.0611134986201,3.4165248572933278,2.714662861044715,0.9167313883854268,0.04834325944166884,0.025134270892758583,0.02545636610111357,0.0245800858036917,-0.0891088791269381,0.031365044018109425,-0.06790904143412768,0.035048526946519346,-0.030365088004974394,0.015580496147099582,-0.028014504999118617,0.01573254409972067,0.016823887825012207,-0.0148848295211792
1,2023preBPix,mu,0.963,115.0,133.0,2602,123,0.5076384317298661,0.05147121010703406,125.80656232366132,3.2417145672937986,2.651586154157016,1.0,0.05197626792338526,125.87689258076155,3.2058244448962627,2.6444850843835823,1.0117448587507785,0.052093208103032335,125.87054434746564,3.2056889987039545,2.6444850843835823,0.9838368099714158,0.0528384753413289,125.90900094259571,3.215407786846901,2.651586154157016,1.310094365303642,0.05223570550339524,125.90999939051854,3.2255189819981527,2.6664262784008415,1.177470893133192,0.046545775147860756,125.97282187254324,3.0882493291164623,2.6471008019293265,0.9841946400401135,0.046832326505927876,125.86422373939378,3.0483898951869355,2.4732901291182543,0.9085632558990215,0.01658848263624013,0.023953114814646268,0.0027354314612582087,0.02496767655786338,-0.10448023670205075,0.025337481314705645,-0.10098977944877663,0.024121587313579048,0.009812433305938173,0.014945770551849539,0.012084386489162213,0.015134147309047196,0.01566624641418457,-0.013656437397003174
1,2023preBPix,all,0.963,115.0,133.0,4724,226,0.850434215853868,0.04841275049652692,125.47530561149664,3.464736807866667,2.9188548618409627,1.0,0.04810973041554183,125.55452487533539,3.4143625415447114,2.8266813864884313,1.0112289385706053,0.04822161978633789,125.55360161492197,3.4075401675034023,2.8266813864884313,0.9833548530668332,0.04950170332517175,125.63048603203349,3.442692179162124,2.8266813864884313,1.3113382983794257,0.04877644371606795,125.64725274683391,3.442822446267795,2.8266813864884313,1.179023877973006,0.0433431414647659,125.64830964156829,3.279158870998982,2.747686328863452,0.9911018374715349,0.04395782137177785,125.53960264967381,3.226453248687374,2.6664262784008415,0.912172463510754,0.028933292654249376,0.018865626953133874,0.011505709102854533,0.019561803259671846,-0.09907744045965572,0.020846572715043258,-0.08842088742460807,0.02141315286359054,-0.006259096578427714,0.011084497042684601,-0.003947941569705682,0.011179375994071176,0.01617677451646314,-0.014198167067472697
1,2023postBPix,ele,0.963,115.0,133.0,2023,109,0.22985883388785017,0.0594513903699153,126.03946818853561,3.734314777473238,3.978556422660226,1.0,0.062202537217951125,125.95326097569871,3.7178076377077587,3.947131299229767,1.0070510612958563,0.062237561827877944,125.9353316914483,3.7232646193998074,3.947131299229767,0.979337078208169,0.06233812521910757,126.08376420087586,3.7265144963122574,3.978556422660226,1.305222619741308,0.06171503246051708,126.10370753716792,3.7402370734242036,3.978556422660226,1.1704892790922117,0.052884871400822826,126.01826495251912,3.6985258983231093,3.8526204552438372,0.9833054990303576,0.05401743814929121,125.78407684180111,3.6415347440937844,3.5428062239014366,0.910651971461676,0.002179782485099535,0.015569624661963504,-0.008395723611505757,0.016897972172827836,-0.14979559088530714,0.030658484637549863,-0.13207656979429916,0.032852060720929936,0.046275567836475906,0.016906834188167397,0.04686469804367355,0.0173603433745262,0.01575148105621338,-0.014155685901641846
1,2023postBPix,mu,0.963,115.0,133.0,2628,93,0.17642141491079064,0.03388542297271955,126.32384713318872,3.20045522984172,3.201481028252246,1.0,0.0344064520504198,126.27534656946384,3.2016706748889066,3.1728932268211594,1.012884086540012,0.03431978627100697,126.2764259804481,3.2043040305885557,3.1728932268211594,0.9836227496896794,0.03411035595321188,126.43027115420298,3.211347647767403,3.201481028252246,1.3195108835384832,0.033699415167687326,126.45233280856306,3.216256713682737,3.201481028252246,1.1847076839303667,0.02862182399544122,126.28824648757399,3.123133783706426,3.069313781923057,1.008010272905891,0.02993276747045668,126.10757166690463,3.0845854568471114,2.9171431804808847,0.9162216024231772,-0.008605830580090457,0.020565964932913686,-0.018076193669181673,0.022517679805877624,-0.16812625860119734,0.028235800042406403,-0.12782768417926904,0.034307205476634156,0.015376201091534814,0.018353628748524104,0.012818588649081253,0.018567241255163517,0.013710975646972656,-0.012073218822479248
1,2023postBPix,all,0.963,115.0,133.0,4651,202,0.4062802487986408,0.0447803122823906,126.16295569730546,3.515302298540615,3.7289412451746813,1.0,0.04621246041903591,126.09121012146501,3.5096818053639836,3.6742410298946027,1.0103983537144834,0.04618709270530012,126.08104704541782,3.515014758252945,3.6742410298946027,0.9817964187833124,0.04606447197119575,126.23168887026013,3.5200098422381236,3.7289412451746813,1.3134219665779348,0.04555557120151838,126.25246077054886,3.5304120608667886,3.7573078432832645,1.1786485372348738,0.03881452238990428,126.13371567256945,3.4667640662568324,3.5892287760067774,0.9974823796088075,0.04016050833176657,125.9227975551315,3.417602263152934,3.4332920294618816,0.9138481145798056,-0.0032023494637215544,0.012467414936503182,-0.01367311659582493,0.014058484274766244,-0.16008535278256375,0.02116908197447295,-0.1304820030995798,0.023809330522480476,0.03198164692586314,0.01227090953257257,0.031415154366011944,0.012615218346508434,0.014562694336562784,-0.012942452554351067
1,2024,ele,0.963,115.0,133.0,3025,168,2.6749470286033943,0.05549753790827155,125.88811482881697,3.729285836526196,3.6812707179646367,1.0,0.05661460129952563,125.94033394863202,3.7258311247048734,3.6812707179646367,1.0007891274507914,0.05650694734718155,125.94337187346588,3.727729404429633,3.6812707179646367,0.9729078353723137,0.058611686678602996,126.03377522581852,3.749853147916262,3.7404972398154754,1.3016682476538992,0.05757927368193203,126.01954264904992,3.721629901696804,3.7376660677868756,1.172072251654835,0.04976158153686267,126.0167595487788,3.671891406714236,3.597389082176875,1.0041653744580945,0.04979729539840822,125.8355578179038,3.659581329428088,3.5060672701856106,0.9185881813276084,0.03527509393754413,0.017036163623359794,0.018976893728873012,0.017153191897619182,-0.12104686079844174,0.029060258439714007,-0.11874030121551049,0.03098772122739767,0.0201281612366373,0.014303599106469412,0.018188364330294915,0.0142365139934958,0.015393495559692383,-0.013755977153778076
1,2024,mu,0.963,115.0,133.0,3716,159,2.563785604725311,0.04181710786125655,125.97223045406844,2.7728258139737703,1.8500246925889812,1.0,0.04270502122267455,125.96413620014852,2.750478040976913,1.8500246925889812,1.0046968958349052,0.04276719472950443,125.96192464196375,2.745020715218605,1.8500246925889812,0.9768116087162593,0.04304017527611932,126.11408657172133,2.8626168915918724,1.89139945805384,1.305494309237424,0.04256020082941022,126.11746564906015,2.872526897471249,1.9184097508618336,1.1755514013014223,0.03857919531329248,126.0486631958237,2.6921181392511397,1.8107073773593498,0.9999536309400664,0.0407571012563483,125.96677706118808,2.600385095440742,1.75313357045561,0.9207114471270351,0.007848118180229902,0.01716527539449875,-0.004840015843999401,0.018713672688345024,-0.09661219667516363,0.026757591199797707,-0.047000825886982844,0.03116457401212335,0.021233256120054333,0.014825563578476995,0.022720052075340558,0.014492041680675048,0.01985311508178711,-0.017565488815307617
1,2024,all,0.963,115.0,133.0,6741,327,5.238732633328704,0.04783843065078112,125.92928021064624,3.296333875629553,2.9556968264919448,1.0,0.0488138480722536,125.95201216338528,3.2837130900793623,2.9513069936084477,1.002976925428523,0.048801073198855585,125.95249057739932,3.2817220230870063,2.9513069936084477,0.9750933966922032,0.049882581131665486,126.0726207507373,3.3504186931227524,3.0844767329646388,1.3038103013716018,0.04915974806332297,126.06706776981663,3.336988992880181,3.0341015351564806,1.174020083719799,0.043512610396300694,126.03256665565192,3.2239232809794522,2.8480057827229004,1.0018073933687022,0.0447309219533893,125.90256361983228,3.1640199901767723,2.64907104929614,0.9197769100764914,0.02189405469181538,0.01139932083378251,0.00734973312996301,0.012179783568297823,-0.1086011016403805,0.022017217896222678,-0.08340290445829246,0.023346125179114205,0.020389829018284455,0.010858083363049716,0.020122786951389138,0.010571219481544353,0.01772416502194903,-0.015746889708458764
2,2022preEE,ele,0.975,100.0,180.0,3572,1564,2.0724435164226866,0.44336941499793786,124.49618460474983,5.940090094213474,2.885531141670249,1.0,0.4388727438835732,124.44974683233745,5.941820230092079,2.8582400008103406,1.1279803217467022,0.4388851807598325,124.39837446765918,5.862666301809962,2.8515614394490356,1.1035534629246462,0.4458963982806273,124.58738230005292,6.183839548416781,2.8892536472384833,1.4201145758091063,0.44275696640656564,124.61169856531043,6.25396422225995,2.903599116357988,1.2736521023651965,0.4212823369991315,124.86954142926966,6.348059210680397,2.9571442824025524,1.0454930985599307,0.42920248658837135,124.61946273340325,5.976428062471493,2.8569336243463894,1.0202943178262336,0.01600385190226672,0.004541320361229717,0.00882186461623058,0.004669761133168037,-0.04008088251000663,0.0066558878638961405,-0.022062021220898176,0.00663960812376694,-0.010142041742743024,0.0045954367340900895,-0.01011399092137688,0.004462371123282167,0.016911029815673828,-0.01479196548461914
2,2022preEE,mu,0.975,100.0,180.0,4093,1794,2.233285606194997,0.4391902190544199,125.48776560104601,5.431059241790491,1.7789350310831082,1.0,0.4397261750259549,125.48639484836657,5.443821699441785,1.769893382249343,1.1195161309275885,0.43926026712695027,125.43603228303807,5.360828592563861,1.7657010178902297,1.09454642949908,0.4467379700914403,125.60154920522005,5.620238822602052,1.8182126718069611,1.4106675396434667,0.44197185724617616,125.62224498645753,5.644707216140195,1.8152523051630283,1.266104322413864,0.4219241602240052,125.81222498423905,5.985586506682404,1.852214032108634,1.0351070576075365,0.4273061933972479,125.5489963750504,5.576479728911909,1.7674320765570997,1.0122224930060963,0.015945821430965568,0.004281054365119347,0.006173083072050778,0.004548192159029484,-0.040484319135423164,0.006073090430980874,-0.0272141020354284,0.006074477826135281,0.001220327658227216,0.004302146063808731,0.0001594936988378315,0.004209223877999854,0.014236807823181152,-0.012189745903015137
2,2022preEE,all,0.975,100.0,180.0,7665,3358,4.305729122617684,0.44119187998301373,125.0104955387034,5.703322822966096,2.298503417450803,1.0,0.43931581258486163,124.98843742230868,5.712010104043531,2.2889862134679646,1.1235701260701372,0.4390798491105746,124.93713608302055,5.631630466789129,2.2736068426904126,1.0988604236582813,0.4463334902393369,125.11459329956199,5.919305088119814,2.3266590273993444,1.415192276803279,0.4423490565532622,125.13628847260522,5.9668877877312925,2.332211294551101,1.2697193948896206,0.4216151541693291,125.35872786748797,6.180596119046357,2.3761535962242206,1.0400815389810234,0.4282181982931944,125.10091808120845,5.791388685981432,2.2887789297794754,1.0160885611644896,0.015974106675524347,0.0031893335943563267,0.007445587515140684,0.003332012499538817,-0.04029142113365958,0.004639872003972848,-0.024737301972254433,0.004563521369529189,-0.004252270912656675,0.0029301103268047418,-0.004787102773787244,0.002886471684878063,0.01553255719000411,-0.013450607710547714
2,2022postEE,ele,0.975,100.0,180.0,3462,1526,5.450804653504386,0.4313840547564499,124.62173168097613,5.935056096486998,3.0720069898647893,1.0,0.42514741731920974,124.64512993455543,5.957421449384706,3.062850736259449,1.1157126766590204,0.42466116103570184,124.60890828703472,5.900931636767632,3.0544563611002005,1.0916594917063713,0.43539335794968004,124.78710513104801,6.147584830789626,3.124014252070417,1.4185100805182094,0.4310009573967434,124.82224238144542,6.2145121481649115,3.1373074438164466,1.2755877621900933,0.4019763890555434,125.04521602671466,6.403834583164125,3.2305752695082646,1.0396144059767236,0.4081450581361164,124.81539839657269,6.132520961062946,3.111616390099094,1.015077174925889,0.02409973626342743,0.004568064275084372,0.014929070380675924,0.004684575308004326,-0.054501161996402425,0.007203472321841941,-0.03889242628005929,0.007517325849665499,-0.014457273903555001,0.005152629436816461,-0.01558447431383081,0.005240606956894495,0.016005396842956543,-0.014020323753356934
2,2022postEE,mu,0.975,100.0,180.0,3921,1751,6.6745959849309715,0.4377047757265155,125.62182824831585,5.674308999282058,1.8104534654268605,1.0,0.4392887747603409,125.60804769693446,5.648442551322025,1.787409759854512,1.1215593749243606,0.4387511374153687,125.55389036022977,5.563159427531472,1.775586409372174,1.0967229382208685,0.4500225335307914,125.7512851292822,5.879469151232631,1.8162328656453113,1.4021995335467001,0.4449077114678199,125.76919765995994,5.9300526180518505,1.8211642411069633,1.260253342319708,0.4141774059297344,126.10239782772977,6.24055737842558,1.9135885412019888,1.0453605674070523,0.41980644996356803,125.79365652298003,5.834722346010456,1.8275440792402335,1.0192121018188245,0.024434402577908854,0.005306245764289639,0.014032041235764847,0.005293760140539126,-0.057163693391223847,0.007422825164885914,-0.04317866288256622,0.007320900787463895,0.0036188753736949852,0.004584943977859332,0.0023905649352726765,0.004542277367455889,0.015097498893737793,-0.013062894344329834
2,2022postEE,all,0.975,100.0,180.0,7382,3277,12.125400638435359,0.43489879241038604,125.1722487922829,5.814299448297986,2.345418593071237,1.0,0.43295174679785947,125.18075073596583,5.8073275687777155,2.3415317985728237,1.1189236279970014,0.43243731576212446,125.13439394435991,5.734819254817266,2.324099569447256,1.0944363893350442,0.4434510646354766,125.31950595127505,6.020140900590962,2.3710647852627247,1.4094626800192027,0.43865663897121926,125.34470572404958,6.077492641708691,2.383181217900912,1.2671047865188807,0.4087088088161983,125.63260947445663,6.335451335170103,2.451201416250612,1.042785304808344,0.41458038105663114,125.35817269440346,5.988892807895949,2.343844532494522,1.0173606238683277,0.02425054966349216,0.003582053036710675,0.014382022509167314,0.0035882819586692274,-0.055994549417951456,0.005459131417095661,-0.041293695189145274,0.005513756944438909,-0.004477008551197037,0.0033583517747191793,-0.005659883842443092,0.0033817053033434,0.015504047620637484,-0.013491622823859097
2,2023preBPix,ele,0.975,100.0,180.0,2510,1014,3.9069537549973297,0.4190518153846654,125.01608603594933,6.284451183502476,2.896729520295274,1.0,0.41749241006569254,125.01296304876699,6.398189910231107,2.9105258495900586,1.1328340612333199,0.41642589678322794,124.95798674702758,6.313236320338954,2.900377576369216,1.108113657338251,0.42686016954116474,125.11668537291321,6.539321954390959,2.9552983444215357,1.4327572485578512,0.4228711777837547,125.1549446475757,6.559860790029604,2.9881825877860564,1.284899812247649,0.39841258049207456,125.41625514380753,6.73316212613415,3.0035268000991238,1.0504100275949104,0.4042993617600403,125.13191869546966,6.311161058812629,2.88402933276047,1.025487086823926,0.022438155160708684,0.005997653649594359,0.01547761810760262,0.005893163186988618,-0.04570102141645105,0.010456004392856629,-0.02912051127670423,0.01019787198524912,-0.0037212708827938368,0.0063188170025191,-0.0062663339115403005,0.006279850384777762,0.016130924224853516,-0.014039874076843262
2,2023preBPix,mu,0.975,100.0,180.0,3110,1245,4.943761814060279,0.424810570786557,125.60350011164942,5.270415335086743,1.8073810422490766,1.0,0.4244262473634219,125.61716456328944,5.316889759604863,1.7638200113545182,1.1172982312009332,0.4242243984884804,125.56708084082044,5.25379363017983,1.7632984393858209,1.0928394945893498,0.435256094980663,125.74370915360765,5.570314131962728,1.8294840364465799,1.403672430071287,0.43061182549614724,125.7579493892315,5.616947687969545,1.8331671319610905,1.2594133150153821,0.4023781329297121,126.01232296238307,5.785082379986462,1.8294840364465799,1.0262641543266349,0.4095254190499393,125.7448689478641,5.446810741409497,1.7830789032726102,0.9985130067378173,0.025516441748165253,0.004546273927417193,0.015056717695694388,0.004807130526754263,-0.051948046499656564,0.008261366286516898,-0.034649066604641066,0.008530039853386254,-0.0009046936436245545,0.005228022196651696,-0.0013798439548978747,0.005250158612221854,0.018116474151611328,-0.015770435333251953
2,2023preBPix,all,0.975,100.0,180.0,5620,2259,8.85071556905761,0.42224909930774324,125.34419908554725,5.747572654127867,2.304321604935751,1.0,0.4213184408680057,125.34881539783291,5.829714815321794,2.308616746756286,1.1242085065556717,0.42072890533626267,125.29686111324162,5.755916588816361,2.296890205927191,1.0996333813780161,0.4314790512890712,125.464651868221,6.028919737104463,2.350151962070221,1.416609241555821,0.4271304771935213,125.48945301529493,6.062366887065874,2.3655406660067158,1.2707496075298856,0.4005914686423164,125.74522764005225,6.234835573333001,2.427709046035659,1.037004142638593,0.40716643925247886,125.47013877135333,5.857970935515877,2.3311001387051036,1.0105109701840704,0.024116225247896805,0.0035083878792692698,0.01521543154288918,0.0036619002677104294,-0.04919550206012191,0.006948742311213273,-0.03223564131621559,0.0068040939688943656,-0.0022040507398674025,0.00343512054191858,-0.003600230228964052,0.0034412070485001236,0.017241591442528924,-0.015007906977839531
2,2023postBPix,ele,0.975,100.0,180.0,2370,880,1.7159840238493649,0.37707442865465524,125.19780120050689,6.3866714228193375,3.24315731545493,1.0,0.37643396788958533,125.24272131489354,6.438249579351111,3.2345806643825057,1.119372617859762,0.37636600744646487,125.18674026057481,6.354704458648841,3.210301227150019,1.0931347438266705,0.384475025269519,125.36877959779186,6.554113430065561,3.2549253194631547,1.4134416169446573,0.37962103607237424,125.40961408512437,6.631075769914666,3.2762248920412276,1.2748200885651972,0.3522626387405942,125.7578128852881,6.97768753367668,3.427697030670103,1.032459269067122,0.3605254687891919,125.46756577741438,6.625314084877608,3.27393055591439,0.9977703160596533,0.021361136522866087,0.006397910967441968,0.008648572297997426,0.006590598918185598,-0.06421133906831966,0.010603824208359699,-0.042088122582446985,0.010834045037791408,-0.0016984995968964967,0.006527918816561082,-0.0018787304424696671,0.006529719587133256,0.015756964683532715,-0.013802826404571533
2,2023postBPix,mu,0.975,100.0,180.0,3100,1237,2.5468644384964074,0.41535188113542965,125.67662623281362,5.658227565552954,2.025711866732017,1.0,0.41715074721015355,125.67945636603953,5.673931626358763,2.0143108382308412,1.1155131773605045,0.4162993049543287,125.62086046116501,5.587182599507292,1.9920382145619442,1.0908400227747652,0.42791233405954654,125.74461129269,5.727444186360262,2.049494168411343,1.417149332383995,0.42269835637462955,125.77945044320406,5.774412467783782,2.0631086039681747,1.2744230521042694,0.3919301119786744,126.29718853836712,6.303160783862823,2.2278276613682024,1.0384133440351107,0.3954316187827547,125.93984233299585,5.892048049173269,2.102249418200884,1.0106214833581066,0.025797836684615882,0.005710468121287417,0.015371275772374515,0.005536123183490146,-0.060459283364949656,0.00918663918695697,-0.05012664187335936,0.009009007783173258,0.0043309448119179805,0.0054899924440121785,0.0022810148742054004,0.005505009110866512,0.01612091064453125,-0.01405644416809082
2,2023postBPix,all,0.975,100.0,180.0,5470,2117,4.262848462345772,0.3990457121532012,125.48387809435285,5.966792612897564,2.5400514923578186,1.0,0.39977103088890253,125.50392093127154,5.996683127298253,2.536329524430087,1.1171572964143877,0.39926722431993594,125.44632275774445,5.911595626655351,2.523048575785232,1.0918175723976988,0.40943588990437413,125.5944938659532,6.073944360604931,2.5648878365679835,1.4155698481034715,0.40434416575947646,125.63150716047458,6.134154275587193,2.5880924286266165,1.2745921893692755,0.3750875472882169,126.08210906542199,6.5857239107339,2.7873183591606505,1.0358769121079952,0.38067075041790266,125.75069823861922,6.200463136997096,2.5917499643826503,1.005146894742453,0.024175986423982554,0.0037224784856264887,0.012715647892681314,0.003580818706339081,-0.061744052703871954,0.007161526121750239,-0.04657651008972319,0.0071894217820474594,0.0018176332024408826,0.004175464485605741,0.0005551047411072041,0.004182570761759854,0.015970752153552,-0.013951805389984577
2,2024,ele,0.975,100.0,180.0,3502,1296,19.50687107897674,0.3567108225138135,124.79032891808514,6.159210804733536,3.43948759794948,1.0,0.35045988056772165,124.86614394823273,6.18144373300347,3.4177140853649206,1.1085632505108558,0.3504857972551826,124.81162760212014,6.105768341943058,3.389206420523564,1.0836357946836372,0.3620362437626219,124.96533806158739,6.288834915486838,3.4408180777461794,1.395349323543758,0.3581143019160565,125.00092150189899,6.343726997134267,3.4444264841502203,1.2581293169542793,0.3360557067417455,125.34294165125762,6.7151388237706415,3.587741652083487,1.0341531655629606,0.34130709237415907,125.11038425990762,6.423859507471505,3.43948759794948,1.0011519221642928,0.03303192130336652,0.005853154831876509,0.021765517235266874,0.005771752112916657,-0.04110077821929958,0.009447378720950746,-0.026188521626000938,0.008683672418704097,-0.017523835980193025,0.005776960133087001,-0.01745118136523549,0.005885750237925837,0.017584681510925293,-0.015444397926330566
2,2024,mu,0.975,100.0,180.0,4316,1737,28.010913952093816,0.3872546678206866,125.59296596274393,5.265217452900611,1.9841881382095465,1.0,0.3867034103853388,125.5830513912584,5.1875135238905035,1.9355106848961228,1.1076024086208607,0.3862428784644502,125.53872193704278,5.127648656317774,1.9257282207481907,1.0840065304647652,0.3981081144977595,125.66758086083956,5.331209050561084,1.9819938071522074,1.3836804536158582,0.3927417018542463,125.70416895457006,5.392132253765229,1.9934375710920378,1.2460120555195757,0.36966825722806057,126.08693912246027,5.85995618909459,2.1229398726458584,1.045800201449498,0.37533124917748195,125.81238174159255,5.49235381614452,2.009956456715628,1.0200853637033163,0.029492121884977074,0.005760175822036778,0.016825742951256162,0.0054992305154257055,-0.044052244432763565,0.007577460356432045,-0.02825069378715439,0.007871473636841944,-0.001423501073467004,0.005089329340737301,-0.00261272346161856,0.005160707260678592,0.015524864196777344,-0.01340329647064209
2,2024,all,0.975,100.0,180.0,7817,3033,47.51778503107056,0.37424738007371366,125.26346959957944,5.663141774096993,2.5584174698709674,1.0,0.3711898248311775,125.29141431975094,5.624155673492237,2.525154085952053,1.1081460228562983,0.37094920699984524,125.24293095616827,5.557900579539146,2.508340312540085,1.0839744865973682,0.38263469874253775,125.38004963108895,5.753018132859818,2.5790746694319466,1.388758808313584,0.3778745534144756,125.41555286223993,5.811890419730431,2.5943144522882164,1.2512982425786698,0.35534341443744993,125.78589342938318,6.230879256217371,2.743005612640964,1.0410241835345813,0.3609017114241338,125.52955295576199,5.89547341793049,2.5895882892216378,1.0121437790357568,0.03083294084520105,0.003999967779196587,0.018669257903638714,0.0038678023732120325,-0.04269085339538814,0.005701147649396422,-0.02708590660423127,0.005873820164003978,-0.00816987748032838,0.003982036976784798,-0.008812815398250184,0.004098715128058145,0.016368702552269437,-0.014239467564034972
3,2022preEE,ele,0.992,100.0,180.0,3753,1690,2.283777299863405,0.462606392898921,123.59848723073013,3.9019349095764144,2.4824082678323975,1.0,0.4637761635746775,123.58788824875961,3.8430586123078125,2.460075510267451,1.229572842499417,0.464545341426285,123.58065083986898,3.8351902229563226,2.456531634044616,1.208038538921301,0.4666003366204575,123.63101652480464,3.900996398420578,2.488023747063771,1.4121285588148014,0.46252292489780206,123.63852712830673,3.924536745893857,2.492795891847159,1.271477842363887,0.4407194114283709,123.64492951484154,3.925129105208701,2.5160872221836144,1.1524088423797274,0.4541840661212775,123.6165449876275,3.8408445788675176,2.481500719435239,1.1655372203794039,0.006089517460345473,0.0038350744583543306,-0.004353539575434273,0.0036776907410292848,-0.04971525912110397,0.006648920454008402,-0.022304120569147212,0.006470864351822025,0.0025286522056604532,0.00373859556437225,0.0041913569659373096,0.0037938453868276737,0.01522529125213623,-0.013154387474060059
3,2022preEE,mu,0.992,100.0,180.0,4202,1913,2.382213929093572,0.45708133423851494,124.53166557301641,3.6133310200834825,1.4805588348713172,1.0,0.4610561006729108,124.53029632476674,3.6319022290875616,1.4805588348713172,1.2260941313993483,0.4617203414154606,124.51934304897628,3.5941025542933445,1.4805588348713172,1.2036041639885218,0.464864365487716,124.56103273166914,3.901600287892496,1.4904187629161854,1.394078015120385,0.4593807963262191,124.57180064150411,3.919223569174944,1.4917563687360342,1.2596513797595026,0.4406311445861817,124.61811530643631,3.9067291148233925,1.4683517474487928,1.15736961143862,0.4545204686660412,124.55625527954521,3.6782917503438863,1.466283943272387,1.1631281266689042,0.008259872950920677,0.004563766687135067,-0.005067017584863942,0.004700027386271304,-0.04430037051221947,0.006265741192823712,-0.01559357928079863,0.0063987932809426275,0.008695971890905874,0.004852683620273201,0.010149194091843894,0.004853978313648282,0.015797138214111328,-0.013645708560943604
3,2022preEE,all,0.992,100.0,180.0,7955,3603,4.665991228956977,0.4597689970353617,124.07491985484799,3.7862063487856163,1.929707035240007,1.0,0.46238119957930895,124.06981014156615,3.766148469873217,1.929707035240007,1.2277863491619638,0.46309715709080573,124.06042350249196,3.7434490555716504,1.9260490089088336,1.2057612640786093,0.46571440809219156,124.10477095778604,3.9289094166885157,1.9435985855340263,1.4028586956040157,0.46091661982633086,124.11404132463257,3.9494842270281922,1.9512950982035235,1.2654043582369776,0.440673987248471,124.14570497728955,3.9457644162211474,1.9452945354326232,1.1549564471153377,0.45435665188146684,124.09882162701952,3.787533747598043,1.9315107932045024,1.164300029437327,0.007208789016325268,0.0029154220685677318,-0.004708595660947501,0.002986639309251489,-0.046946572115362684,0.0045812894944406235,-0.018874020441513983,0.004785245436559308,0.005681554347489737,0.002965065823203325,0.007238765721273799,0.0029594971635671,0.015517219163300962,-0.013405206920769554
3,2022postEE,ele,0.992,100.0,180.0,3493,1528,5.4271469243666814,0.42144988550964724,123.60162732408438,4.67535147255253,2.7367513710896674,1.0,0.42740786397562974,123.59905590614242,4.553828534782057,2.756232361033817,1.2199678399268101,0.4273990843425917,123.58450677375532,4.539019856085198,2.756232361033817,1.1965574273904047,0.4289762248658114,123.7042301606108,4.720407791679594,2.745548529923937,1.4097468337199595,0.4227456560609848,123.71123014061963,4.751274882682963,2.745548529923937,1.2729089177295208,0.40453515565704784,123.77799358068043,4.714980734549978,2.7228448447488134,1.1669664385299097,0.4171635460119349,123.71164012814182,4.582549791865546,2.7053692331344337,1.1675194075385849,0.0036694712998333046,0.0049421172543812715,-0.01088778252476752,0.005078702342484395,-0.053514944965743716,0.008087951344785639,-0.02394843298834093,0.008248612864709143,0.014136861038122506,0.004951527250655308,0.014116029064167979,0.005000428200758912,0.01724076271057129,-0.01513761281967163
3,2022postEE,mu,0.992,100.0,180.0,4072,1861,7.177819243390436,0.44869988305687464,124.42110751643,3.0853781683294703,1.51101681672192,1.0,0.4516773375370485,124.41797789375745,3.0420117760588106,1.507555849751249,1.2237347832882444,0.4524099761245289,124.41957541959309,3.040272863697836,1.5112457315009493,1.2015485322291255,0.45640625023852094,124.45409087078586,3.1246817912925606,1.5225597115503504,1.4030611453359132,0.4508105708085399,124.46823675097403,3.1351569968507165,1.5225597115503504,1.2659176442110618,0.43030293945888737,124.51344460186328,2.995061415348019,1.461064125195982,1.169234824500845,0.44203250559818175,124.49903276124941,2.937728735393386,1.4573661506826738,1.1752292173717356,0.010469670068590897,0.003985710789081671,-0.003535300723670809,0.004112402898833455,-0.0473222725645559,0.0073135519797237,-0.022938200026541122,0.007165824003527932,0.006635737143253051,0.003974914928871265,0.00826854030444224,0.003947769157488962,0.014772176742553711,-0.012710392475128174
3,2022postEE,all,0.992,100.0,180.0,7565,3389,12.60496616775712,0.4365469425226496,124.06827520047784,3.872595045562989,2.042290137347699,1.0,0.44087213377797124,124.06451404973694,3.7914225455958843,2.053033016463907,1.2220548037363945,0.44128134848945644,124.05969963278105,3.7828112923995474,2.0535808399245994,1.199322601742345,0.44414079438039217,124.1302358448443,3.9125727676785984,2.050788493601722,1.406042825360686,0.4382559918268907,124.14158169169683,3.933133672788324,2.050788493601722,1.2690356089441257,0.4188233984584447,124.19697897637043,3.8482546947045577,2.0176069226955207,1.1682231708386506,0.4309818881059959,124.16036987288446,3.7553201026765524,2.0007121785301933,1.1717908001656394,0.007414078486682074,0.002929481798859965,-0.006855845308037178,0.0028847967150909012,-0.05001163292082911,0.005502340768713892,-0.023339895100294772,0.005691283711626791,0.00990773461916361,0.003026296576504752,0.010845124557392172,0.003035443810956153,0.01584492273994522,-0.013765162672775872
3,2023preBPix,ele,0.992,100.0,180.0,2567,1049,3.912035041446593,0.4232596691778487,124.00741725198979,4.510171728562386,2.487909094452867,1.0,0.4238434467065048,124.04397775496268,4.394355622427535,2.4178406957120018,1.2326856829946238,0.4244529850389557,124.02639996748931,4.384030926670033,2.4178406957120018,1.2095914176942544,0.42090474365855973,124.04542732363915,4.590589516686438,2.4951663132953783,1.4232883631119346,0.4156318941250149,124.06135431590526,4.649133814263005,2.4982435754515038,1.283745984143078,0.39979212751206294,124.14058067972766,4.676995601933961,2.512121325394439,1.176507755497556,0.41676545587549424,124.04726073729844,4.551217503621391,2.5073768585065537,1.1726631474333145,-0.006933463453971944,0.004932347096510084,-0.020782256751312955,0.005271099866758441,-0.056745761628105296,0.009713032466940403,-0.01811161526583649,0.010230927940841354,0.0013792420378488934,0.005875665246818268,0.002819346958865543,0.005988849971969651,0.017673492431640625,-0.015428423881530762
3,2023preBPix,mu,0.992,100.0,180.0,3145,1211,4.636754919757876,0.39837368268505674,124.57608993339117,4.031636028838107,1.5990940266200298,1.0,0.40245486581524387,124.60309477672587,4.074219505909291,1.5990940266200298,1.2176925040715514,0.4033900898396639,124.58787050610873,4.054794794443525,1.5990940266200298,1.194691459499414,0.3988061013104921,124.67375696321982,4.285495193785627,1.5920008825966434,1.3975791881510102,0.3938440718675883,124.6667987066258,4.274861717684608,1.6073204590849386,1.260031469446074,0.38945031305200717,124.73336313616088,4.283550892249134,1.6314761627994159,1.1496120868570576,0.40480297351914174,124.66765653196792,4.127750368912008,1.6296966640453832,1.1484873345489741,-0.009066270070708593,0.0057489391477901055,-0.023664483120717894,0.0057544548666170125,-0.032313071272957905,0.008601136170291426,0.0035025245167510377,0.008871937190542011,0.01024461029322965,0.005905555135229441,0.012592215230675663,0.005881732634535568,0.013816475868225098,-0.011932373046875
3,2023preBPix,all,0.992,100.0,180.0,5712,2260,8.54878996120447,0.4093886147488968,124.31585807989475,4.266717078994628,1.971922382084756,1.0,0.4119864095772726,124.34676056550668,4.233180185795541,1.9597467159171487,1.224328722704334,0.41277731335763257,124.33055862654417,4.218163099467791,1.9611440916562586,1.2012864171603352,0.40868679098324806,124.38442099059914,4.439658049231538,1.9617475321105005,1.408958476478358,0.4035880360937611,124.38795124214745,4.4613682916106,1.973062428215357,1.2705278895253058,0.39408684333942273,124.4637543735958,4.476538176739099,1.9799628160320708,1.1615165360928736,0.4101593081075553,124.38539325723714,4.336577929681566,1.9699134438966297,1.1591879325174832,-0.008009047185343343,0.0038957067632303657,-0.022262069562698605,0.004049441912275652,-0.04344698228326538,0.006685468318556989,-0.006342415547942237,0.006770978981071944,0.006345547322973655,0.003838890418658932,0.008277461772634442,0.0038506061209673684,0.015594903454322726,-0.013544363336397027
3,2023postBPix,ele,0.992,100.0,180.0,2506,980,1.829525655244873,0.38532673499411,124.15528230591362,4.960754648096205,2.907405224391489,1.0,0.38813965620951507,124.1377699143422,4.872585378403979,2.9274034235730255,1.2087164677343338,0.38861124580488265,124.1234796642417,4.87096469316411,2.9360549365310575,1.186549929704081,0.3902925213684115,124.2471301492623,5.125647957868623,2.9236780132890203,1.4066230801492012,0.3853625759190148,124.26241980363162,5.1900985392353105,2.9427541511044524,1.2738149990311909,0.3687165703648846,124.18277123856555,5.2251551081369865,2.9606233315060564,1.1499722660185878,0.38309784266194846,124.12313978552241,5.117340517870902,2.9543761214426283,1.148920264654991,0.00554662509860715,0.005852695117350895,-0.008359690876004633,0.005969111569392605,-0.05004148773230743,0.011556580891613736,-0.01418745134746413,0.011660858345624116,0.007300093556830589,0.005873332143071515,0.008523962944909202,0.0060371261606306775,0.01483297348022461,-0.012913703918457031
3,2023postBPix,mu,0.992,100.0,180.0,3137,1233,2.52235621275541,0.4027115948130711,124.5812641469742,3.5901022250623775,1.6253028186629948,1.0,0.41185600344337,124.57690324851602,3.491764343002103,1.6252456387859482,1.2150394236373718,0.4121533069517716,124.56606346605103,3.476254666963109,1.6313859319887527,1.191150039158752,0.408014531431186,124.6200972571293,3.6725197340389553,1.6344401218502185,1.4023785421991386,0.4027900145020393,124.6262273499678,3.6998909302085154,1.6457766408241596,1.266386622623604,0.3888526137134664,124.67334574176122,3.448752298087277,1.6418049573517592,1.139258817265679,0.40051257791275574,124.60578194210905,3.3391187299144875,1.6444102641428628,1.1323461899925793,-0.009327221116280704,0.004849459926387752,-0.022717984526151036,0.005121565556159568,-0.05585299118522269,0.008664943259237707,-0.028243687100581782,0.008709805101771334,0.02270709050367281,0.0057983812817802285,0.023445344659329015,0.0061599793210803215,0.015023350715637207,-0.012900710105895996
3,2023postBPix,all,0.992,100.0,180.0,5643,2213,4.351881868000284,0.39521546011711683,124.40218191760133,4.226136390025942,2.189586831478131,1.0,0.40166014845959547,124.39447103517772,4.127639578000152,2.1771095773574274,1.2123130439242575,0.40202459984125327,124.38199992172714,4.1199068207116545,2.181666258039506,1.1891665293434623,0.4003598832180406,124.46305285293207,4.347942587967742,2.1923678608432127,1.4042087340170246,0.3952505111976566,124.47277343447708,4.394251406183737,2.213206056597052,1.2695896458693128,0.380123947974339,124.46707096668936,4.29317809838037,2.212985832711553,1.1438783227288416,0.39294143580123364,124.40120736923744,4.192902991109681,2.2147535609770514,1.139492724242728,-0.003237227408647625,0.0039038525754476723,-0.016849935666303884,0.003999945540324656,-0.05361796675087083,0.006841235344801188,-0.022593552841309372,0.006779807686023925,0.0163067718569736,0.004341849107670758,0.017228930574018086,0.004521092575418061,0.014943632351229759,-0.012906151121375276
3,2024,ele,0.992,100.0,180.0,3654,1532,22.39267728927061,0.3985750812488449,123.65910522048729,4.457559556069983,2.714849113002721,1.0,0.4003157648886645,123.60615097191186,4.338480425835518,2.6952020202632525,1.2060341972987485,0.4001254351113718,123.58972456628956,4.330995507535368,2.6949003846938666,1.1814030501668331,0.40268114142431144,123.64390230149009,4.473894460450199,2.7096926677782704,1.400082933332647,0.3970522506738015,123.63808479512659,4.501960038332469,2.714849113002721,1.2639106296854554,0.38460394732213304,123.6376823203696,4.515155532642725,2.6602833682986002,1.1631992895182395,0.3985385686859985,123.56561837014262,4.39988964648094,2.628848949686045,1.15557652178806,0.005908776878434496,0.004918538141918233,-0.007680552566509236,0.005012483877632653,-0.03924856062289028,0.008932060349925943,-0.003965922398638688,0.008907752775696352,0.004367266599722086,0.004963465162916733,0.003889741068782371,0.005095962966197179,0.016785264015197754,-0.014632344245910645
3,2024,mu,0.992,100.0,180.0,4512,1798,28.483286766238315,0.38422553437400647,124.50267130199806,3.844433414204111,1.6886886024155032,1.0,0.388296699128993,124.5196359612494,3.7850073883456474,1.7072034153682978,1.195811083270252,0.38914781520981157,124.5133134341757,3.7749736654314017,1.706744699718449,1.173615974997712,0.3906340347298268,124.56933454848895,3.9611006758803176,1.7169253087230558,1.3840178815635036,0.38538491309684186,124.59826010874042,4.044323212698669,1.71747957682215,1.2519064107178257,0.3649608435587373,124.60207515276433,3.89796196062445,1.7171518525309537,1.1552325836428434,0.37984658621078116,124.53439489878996,3.6811556977919855,1.698571904354111,1.1509012572766664,0.006019457816862195,0.004563461057707678,-0.00966959588592553,0.00467288428084355,-0.060098001406145074,0.006944583050206008,-0.023901532105520373,0.007779062559610174,0.010595768346368217,0.004565859814562903,0.012810915453145721,0.004582158695260583,0.01479947566986084,-0.01274019479751587
3,2024,all,0.992,100.0,180.0,8166,3330,50.87596405550892,0.3904120284754577,124.13138196358207,4.146736017354728,2.058179592481082,1.0,0.39350356526932667,124.11704767107122,4.063678526942034,2.068980691466372,1.2002185558676381,0.39389838954450873,124.10731106048111,4.054855274209549,2.068980691466372,1.1769732025827724,0.3958620072437158,124.16081519490321,4.220294027050491,2.0705361394799198,1.390943978176602,0.39044235634819735,124.17500663846484,4.278767095648613,2.086694686512068,1.2570817678551296,0.3734626638611575,124.17221980800856,4.211689137851098,2.0750916576023926,1.1586672550882922,0.3879238169052864,124.1043095556472,4.044884186951107,2.053431733953502,1.1529168955804219,0.005993444996552855,0.003343249761377735,-0.008773920605026686,0.0033124194642100094,-0.05092940236628485,0.005669034152379249,-0.015167801640750933,0.005850043140677198,0.007918651497345719,0.0033362697927111014,0.008929953010579972,0.00345107402543523,0.01567720375078368,-0.013576534031784554
4,2022preEE,ele,0.995,100.0,180.0,3738,2477,3.266780482399231,0.6685025341528857,123.20757979460583,3.963246549097544,2.5624974604166937,1.0,0.6819732600993512,123.24437850666914,3.8889897003172047,2.5736282124762795,1.2462675571210293,0.6822142740693734,123.24190464789845,3.8927134236028285,2.5736282124762795,1.2277909965146625,0.6937668626568099,123.23281082278821,3.953296294411202,2.555272878581171,1.392619294770201,0.6873068267098497,123.23374292671775,3.9511988131771143,2.5453543914515393,1.2692987367456627,0.6556788713148551,123.29916106195108,3.855180158312575,2.584973043428228,1.1915796094794082,0.6601772903428964,123.25288474821397,3.8649958522210186,2.584739534740663,1.1881509461357587,0.01729335041045532,0.0024799452795002657,0.007464740674655523,0.002574255419733709,-0.038556333983923996,0.00456100007526218,-0.0323021440097222,0.0045780407580433185,0.020150598177664847,0.002643946321289808,0.020511126309884498,0.00273658558776762,0.013063669204711914,-0.011270523071289062
4,2022preEE,mu,0.995,100.0,180.0,4295,2783,3.473410038314902,0.653769592573999,124.18718591294574,2.9721549010018653,1.6151583093365929,1.0,0.6685467117383492,124.18916885708451,2.8836826211299678,1.6140204722941505,1.2345544945623164,0.6684682183106575,124.19025705543378,2.8861721096827724,1.6140204722941505,1.2167004164824569,0.6820050617440706,124.19348878850805,2.9552222370819545,1.622101069971869,1.3832074738453375,0.6747637964696717,124.19741501090924,2.941418475453728,1.6199724184982855,1.260052214454192,0.6442425923256027,124.18757172632922,2.903724138047351,1.6181584161052953,1.2073599291837018,0.6486314961076564,124.15903359649326,2.935752190317325,1.6249237502834575,1.1967696800805883,0.02013075491872085,0.0024691706616010918,0.009417916942894067,0.002545740607652068,-0.036353659341994526,0.0039262805562769966,-0.02967489202872231,0.0036993410134294738,0.0226029465612958,0.002909380151525179,0.02248288373092966,0.002854961135758206,0.012740254402160645,-0.01089698076248169
4,2022preEE,all,0.995,100.0,180.0,8033,5260,6.740190520714133,0.6608282612351778,123.71239842170245,3.5220499099108307,2.0214926591096685,1.0,0.6750111243445334,123.72959369046617,3.4424611619543866,2.024691053566819,1.2401663153359828,0.6750851963509099,123.72892507634789,3.4458481958468403,2.0242556271091985,1.2220140009617309,0.6876601414535163,123.7274925227789,3.5083501527983576,2.0166029916822055,1.3877167515785882,0.6807961514957269,123.72952123498588,3.5018898120713975,2.0151602904244754,1.2644822963067681,0.6496842657452135,123.76094276290895,3.4229805844181165,2.030808513556515,1.1997994533911613,0.654142354518345,123.72253455605706,3.4449703359187516,2.045238350939428,1.1926403765827318,0.018738975778014977,0.0018370814369487653,0.008459606544013898,0.001976762532902175,-0.037520653639469104,0.0030201179916543065,-0.031022516781243126,0.0030881547585521595,0.02146225266281121,0.002076848074344537,0.021574342309579775,0.002039637984139726,0.012896501103818713,-0.011077444839018938
4,2022postEE,ele,0.995,100.0,180.0,3542,2327,8.368468610486728,0.640496551900505,123.323213230895,3.9211207629040015,2.658129429198965,1.0,0.654593718310622,123.33146451106876,3.848320204640291,2.661844287137747,1.2414880129929091,0.6548422166541122,123.3241800575129,3.8529361498636696,2.667158315052994,1.2233681047215932,0.6653851195263871,123.36600922174483,3.8907476655900477,2.6455585669648443,1.3897288615895562,0.6573954361216182,123.3590868729746,3.8886542440555356,2.643742272705474,1.2667489726782206,0.6296003463289225,123.41444562318246,3.7877660840330463,2.623802041755873,1.2026501322403647,0.6348012825885357,123.36688395588475,3.7729964247237575,2.6341338614064824,1.1911095887816583,0.01648564737775926,0.0027493570436476714,0.0038989842172234557,0.002891931710536824,-0.03818150294231737,0.005012145986778847,-0.030604218170256048,0.004975758773791473,0.0220097459826869,0.003126371644784337,0.022397723627145538,0.0031242869921670638,0.012923598289489746,-0.011146068572998047
4,2022postEE,mu,0.995,100.0,180.0,4086,2717,10.027366670750947,0.6506403730171122,124.23102499534265,2.8722318812792262,1.592553957386727,1.0,0.6657191832168986,124.23865649621482,2.815447458661281,1.602939845021936,1.2266779260259095,0.6657513624906535,124.2383715771031,2.8263984607536,1.6072700824333026,1.2080103051493818,0.6752728625020508,124.22250482767458,2.8816810537512807,1.5878493667556839,1.3726481369266526,0.6679261742891083,124.22474511461296,2.8941592379119547,1.5923281626877852,1.2491651867514066,0.640185053709884,124.27981765123705,2.782339700436433,1.6082941481894508,1.1904338913313917,0.6459864704575391,124.25871380063379,2.789569842946942,1.592553957386727,1.1788325371813195,0.014350914809134308,0.0025150121234397776,0.003266702737668492,0.0027002411267040534,-0.03835570635598662,0.00480732753800562,-0.02968809851048837,0.0045298089591904065,0.023175337444652833,0.0027227739966128694,0.023224795294318312,0.002710494368379066,0.01141500473022461,-0.010540902614593506
4,2022postEE,all,0.995,100.0,180.0,7628,5044,18.395835281237673,0.6459862853151692,123.81805139893527,3.4198723662790624,2.074942064674893,1.0,0.6605815386909561,123.82352040703378,3.3586653645855966,2.0875912563728534,1.2334729436849823,0.6607118982658344,123.81981386405984,3.366783657708736,2.09235632243076,1.215056618890159,0.6707058883720154,123.83004294121703,3.4084582142823017,2.0791828919654094,1.380484946121143,0.6630579940208996,123.82798365941484,3.41377864496526,2.081221815725371,1.2572328055407012,0.6353018385242498,123.88416443042097,3.3086933287647113,2.081963855067059,1.1960388261902433,0.6408258060770463,123.85110632748858,3.3058672879208597,2.0798556728868007,1.184465372600283,0.01532641935637824,0.0018906624243496786,0.0035508604600931193,0.0020043598514643867,-0.03826885658476309,0.0035222578244679384,-0.03009797801580838,0.0033076256556191274,0.022593751148549668,0.0020525678016094268,0.02279555044033299,0.002016388518260121,0.012105662036334657,-0.010817956886775858
4,2023preBPix,ele,0.995,100.0,180.0,2533,1628,5.800732952321532,0.6429949299673056,123.74418248155618,3.9688067041376667,2.587161451500698,1.0,0.6565636333850036,123.72039728574772,3.9352458957003784,2.6180461936165784,1.2426187965792204,0.6573051421925488,123.71179620578746,3.9418070611620992,2.6180461936165784,1.2253575215208943,0.6692068612667068,123.76438390632705,3.963991422236425,2.6180461936165784,1.4005635290586131,0.6623359348663108,123.75701820615954,3.966435383216914,2.6169653255997147,1.279914744959105,0.6278283404462284,123.77464915416728,3.894754805689951,2.5939776139881374,1.1941443738365753,0.632139367607502,123.75370131945878,3.876506498762538,2.574801753095592,1.1724429722163934,0.019256667958472473,0.003459532169741495,0.007653663954280132,0.0035224014479145376,-0.043766196416677006,0.005789105880398071,-0.038286288923744305,0.0056241475020354995,0.021102349000462484,0.0037083214570217253,0.022255559971477323,0.0037331073689903338,0.012575984001159668,-0.01087731122970581
4,2023preBPix,mu,0.995,100.0,180.0,3227,2057,7.562609447172354,0.6365399173966606,124.35996585649556,3.089990568724365,1.5758839443006138,1.0,0.6509050162191852,124.38087690594053,3.2539504977297855,1.5793312113552531,1.2447827079149556,0.650965501329465,124.38524149581133,3.292772688327628,1.5815018739590059,1.2267791660879686,0.6605334180396405,124.38835792370291,3.310821453714369,1.581130296637106,1.3931245250318796,0.6528132136909521,124.3938628078781,3.357174553217237,1.5815018739590059,1.271560110048945,0.6262749997486032,124.43991231345575,3.322070342825399,1.613238498357859,1.197705456034434,0.6310666509200087,124.42618628417063,3.474858822990918,1.603098197121021,1.1810495891588104,0.01479233003362368,0.002732388056035763,0.002838418253676478,0.0027395444146592236,-0.03783964765496295,0.005332923266858229,-0.03056821040257418,0.005156906204077715,0.022567475235921286,0.0031814776794463124,0.022662496944107602,0.0032841499947338683,0.013448953628540039,-0.011523425579071045
4,2023preBPix,all,0.995,100.0,180.0,5760,3685,13.363342399493886,0.63932590785088,124.09266784019704,3.511971539266295,1.972706784153715,1.0,0.6533448665448847,124.09469205915049,3.5801666120561793,1.9959419438324701,1.2438487614262141,0.6536998940355762,124.09317135098725,3.604185515524492,1.9959419438324701,1.2261655827448197,0.6642882213870241,124.11623445690114,3.6234736294942134,1.996640934437096,1.3963352072699944,0.6569385363743813,124.11570970571262,3.6495539882883907,1.996640934437096,1.2751659795733585,0.6269442888174109,124.15286568482313,3.5955529946706726,2.010663272266747,1.1961684890802498,0.6315277128399902,124.13686710705652,3.6682156087717046,1.993881465716072,1.177334963914897,0.016749737240627338,0.0022149828979884287,0.0049543259351192415,0.002157559160703206,-0.04040833421878587,0.0039337522394405884,-0.03391798193312734,0.0038577783009819577,0.02192771874540478,0.0024060233046881226,0.022483034096044907,0.002473927463667658,0.01307011259472859,-0.011243032515673797
4,2023postBPix,ele,0.995,100.0,180.0,2522,1609,3.062422275031391,0.6447639663011742,123.4256522499683,4.290722885549482,2.6991898076060323,1.0,0.6612217409741645,123.44351709879372,4.189530632124375,2.718125339628635,1.2222397553037097,0.6616048994664694,123.43637284512634,4.201297874831002,2.718125339628635,1.203294481021457,0.6696158823989697,123.47236700628272,4.263344128260667,2.706086748394007,1.3797955320879358,0.66349124721498,123.4752300095967,4.265592748158944,2.700057583650434,1.2579450168702708,0.6368044475838822,123.44489150405686,4.242440276730506,2.7270581825307474,1.1569271494698397,0.6438529740544496,123.41688383828549,4.210866967180336,2.7270581825307474,1.1389256507643186,0.012694896287648305,0.0033988135428733783,0.0028511695575890172,0.003686265045728164,-0.03692754166599066,0.0059441433504392694,-0.026831611172068448,0.005996242792399572,0.025525270537998468,0.0033471224009171607,0.026119532178429328,0.0032951185284851563,0.015685677528381348,-0.013754427433013916
4,2023postBPix,mu,0.995,100.0,180.0,3108,1941,3.9575124523523044,0.6328856715035359,124.2352638264724,3.19877071601483,1.6192318931808458,1.0,0.6443545272717459,124.26439664459106,3.0785695520793186,1.6192318931808458,1.2341103613162385,0.6450734407063253,124.26701939333701,3.0793169065155994,1.618763739077579,1.2171153467099105,0.6558875672715523,124.27700962506138,3.1179377462810316,1.6168751617965853,1.377301563731612,0.6478577207626031,124.28578141374636,3.108359189529209,1.6102862660221007,1.25822328022696,0.6242446036579916,124.30904281867973,3.0766377827249873,1.65408703803908,1.1888673001875212,0.629146394940281,124.2656183430144,3.074988447348737,1.6350253142775486,1.1738010470813212,0.01789859388221937,0.0033036728361635114,0.004316221813797094,0.003529921861747611,-0.031209408427533614,0.00536945638199799,-0.024690282936784547,0.004961489433335734,0.018121528555013144,0.003411835621906675,0.0192574579447109,0.0033547704039832245,0.012958049774169922,-0.011209547519683838
4,2023postBPix,all,0.995,100.0,180.0,5630,3550,7.019934727383696,0.6380132824075742,123.88207357295938,3.7364469137002163,2.0439224351934087,1.0,0.6515957808449119,123.90677919306252,3.6278041407500545,2.05016025358087,1.2289860694995813,0.6521634438925726,123.90561470821632,3.63399097247125,2.0491489932229214,1.2111491686671285,0.6618198870644156,123.92520926521028,3.6847380044261113,2.0479814532557086,1.378378157599341,0.6546055381614798,123.93117837400597,3.6819552339086723,2.0371713144636985,1.2581031597680676,0.6295826704445296,123.93755645378374,3.6492138275367147,2.049902822499199,1.1750794065641732,0.6353863250688359,123.90070582298732,3.6318450325872944,2.046455333822287,1.1587460694532807,0.01569087234764832,0.002355663103509342,0.0037446046566655955,0.002566539134234487,-0.03378338388231772,0.0039135232192862,-0.025725328490660337,0.003810902318723706,0.021288739297218973,0.0024399025970104835,0.022178474767174272,0.0023636210243817486,0.014146522202929926,-0.012318393698136202
4,2024,ele,0.995,100.0,180.0,3741,2269,34.027387802166324,0.5899200079735545,123.51975657716174,4.226256817909697,2.7300851361113203,1.0,0.6006609915794673,123.57404992746908,4.130591459735358,2.720447777526765,1.2055425077803137,0.6022233559292604,123.57666634700576,4.1302205310041415,2.720809545733097,1.1889197922720822,0.6137478657933412,123.56410467400408,4.2130900664123105,2.7243194423031625,1.3545028436100168,0.6067015135521526,123.57228447641441,4.203624593354976,2.718708003847148,1.2400350576892842,0.5743004626926167,123.61289264581876,4.073945878998336,2.7122257461947967,1.183637430151374,0.582741609306185,123.57386235409219,4.063238870253167,2.707237165069756,1.1616914325166037,0.021787454816170726,0.0033225741014053637,0.0074360410947234,0.0034795485011847476,-0.043885867829596026,0.006149120157495836,-0.0323497028656653,0.006010617372385141,0.01820752553012972,0.003310239738831991,0.02085595977320609,0.00343047715117815,0.01354217529296875,-0.011716783046722412
4,2024,mu,0.995,100.0,180.0,4474,2738,44.6894698550431,0.5945018547197808,124.24190858430151,2.9516988852619725,1.725518427390739,1.0,0.6080679529996972,124.23672651174377,2.9335912953363645,1.7333304905661535,1.2101778975704052,0.6084234889220931,124.24231648727677,2.9395406508316677,1.734768181929077,1.1916641546115831,0.6189174744833188,124.24981898843367,3.0044616115078813,1.739791787691324,1.3554538105659901,0.612343761162067,124.25854210891741,3.0070436536929295,1.739791787691324,1.2369901689619651,0.5837194426753917,124.27076100504219,2.927341332774708,1.7441820826079777,1.2008007602042048,0.587904845577053,124.25376646581306,2.9109741756526906,1.7307753186616068,1.1802114524976204,0.01784261352715455,0.003003169220532314,0.006443328226724443,0.003113704479619413,-0.04004241664799202,0.004732556684575773,-0.03372427876082118,0.004506291785107508,0.022819269901707573,0.00296759410564922,0.023417309957551424,0.0030526214801978903,0.012453913688659668,-0.01181328296661377
4,2024,all,0.995,100.0,180.0,8215,5007,78.71685765720942,0.5925125292968719,123.92973979186743,3.5770490822251984,2.122065701015792,1.0,0.604859013583486,123.95162577992576,3.514473291611847,2.118933882206072,1.208165325071747,0.6057350546396323,123.95535782799023,3.5183024124593945,2.1182057194568884,1.1904726198278976,0.6166738485349104,123.95362894026084,3.593070374093662,2.1229360147737424,1.3550409240495602,0.6098906273845388,123.9617315150378,3.590213090299382,2.1213886513728326,1.2383121849285994,0.579663232833225,123.99007616855556,3.4785461288151165,2.118636214633355,1.1933488634675902,0.5856831361041455,123.96267716356022,3.468066605219566,2.118042256027948,1.17217051428611,0.01953320474043596,0.0022064028987993866,0.006860380149831036,0.0022746097604864524,-0.04165562583086713,0.0038762249226028376,-0.03310344742622873,0.003802731958838592,0.02083750752286284,0.002330577117888743,0.022316026563103053,0.002406528454286872,0.012921508948875633,-0.011771819677847769
5,2022preEE,ele,0.995,100.0,180.0,3711,2362,3.080197094949896,0.639740580847305,123.39594687423622,3.9228837633896445,2.4817941826451673,1.0,0.6624333583493822,123.41320261581274,3.8991523559958905,2.5011992403962466,1.1945213632533114,0.662545275089736,123.41453901722525,3.9006871636699376,2.5011992403962466,1.1856322665293981,0.6770473319710277,123.4200504503449,3.979512159003661,2.466677602850183,1.305916228309622,0.6689360222567703,123.41511113511432,3.9769739166708717,2.479425529915062,1.1975701323059447,0.6393063531541621,123.4256361043921,3.9227946999606598,2.486014574020281,1.1956700845970958,0.6428488126370329,123.44139794793844,3.908894457559801,2.479425529915062,1.1901248833580105,0.02206104725471536,0.002350092677888587,0.009645751629831834,0.0024150947701911465,-0.03491219894608999,0.004440906657272971,-0.029728477725594615,0.004939902977502065,0.035471843089931454,0.0031321342236072134,0.03564678390766973,0.0031936161856252828,0.013500094413757324,-0.011765599250793457
5,2022preEE,mu,0.995,100.0,180.0,4372,2833,3.556269713826035,0.6520007046202958,124.23814987845529,2.619759273419599,1.5722599798954775,1.0,0.6722731845454705,124.24625974564897,2.608275832411386,1.5735614531191402,1.185012053997273,0.6727453460326749,124.25482335305128,2.5950532456271915,1.5711060242832033,1.1759684090651725,0.6881172744734748,124.24472837489611,2.6229832659543613,1.569283282579562,1.2907758314369595,0.6805287363922444,124.24609099136904,2.6164008302825823,1.570496660832859,1.1832167421086908,0.654336717101207,124.28881767088883,2.576251249117397,1.5679643732205832,1.2091727334950686,0.6575777276264312,124.27508563871692,2.5499749360387334,1.5446980157252526,1.2043454338138975,0.023567933828443133,0.002074258696900127,0.01156959376303357,0.002200794053575869,-0.026680325582806752,0.004246238776113935,-0.022545854082366312,0.00426319171548785,0.03109272701933774,0.0026170612871561603,0.031816900296848694,0.002621114326711823,0.012730717658996582,-0.010947167873382568
5,2022preEE,all,0.995,100.0,180.0,8083,5195,6.63646680877593,0.6462524665291516,123.84725645252523,3.316125178124623,1.9720705433041843,1.0,0.6676401285773615,123.85707602381468,3.301553794511835,1.9786946302248438,1.1894705549633442,0.6679421829131574,123.86233470436251,3.2971921881338315,1.9779572026736147,1.180499370955266,0.6828949016056318,123.8590084787007,3.352386555988359,1.967385863226994,1.2978745041445068,0.6750585947871135,123.85754086832507,3.3484350532822775,1.9720705433041843,1.1899464216614106,0.6473316516865963,123.89150992389524,3.29396657563579,1.9744422405580835,1.2028419294865755,0.6507155319288073,123.89136654862165,3.273352618194549,1.9471350662471707,1.1976780370305429,0.02284879589364386,0.0015911120658240446,0.010654233339356667,0.001594443386298687,-0.030418298753311035,0.003142271563436876,-0.02579063192149056,0.003397104983337688,0.03309490200180942,0.001991883591233766,0.03356229570851088,0.0020342304127221713,0.013088243870060723,-0.011327489565675851
5,2022postEE,ele,0.995,100.0,180.0,3595,2291,8.152629306704954,0.6239318138344058,123.3727544410253,4.288354322823118,2.758441792699429,1.0,0.6414578474075352,123.38509392130328,4.249983258434457,2.7534316426870475,1.1952020118105737,0.6429486096823729,123.40339833795014,4.235519988547336,2.7509869211117177,1.185151261149398,0.6571036299029467,123.38459177940277,4.320938286573563,2.7641740125257286,1.3183238788040927,0.6500356011382212,123.39313217404872,4.30707617815655,2.7608523018749764,1.2105780140173232,0.6096839728510267,123.4786846905975,4.233356264510795,2.725179522180653,1.211590759694986,0.6161767073258546,123.48964399510473,4.210901999167487,2.7038103081635896,1.197154922745283,0.024390975273970383,0.0028071321042059064,0.011022640610964807,0.002700711746302072,-0.04953384651060588,0.005856145349966905,-0.041639256938037494,0.005896570079558319,0.028089661697842105,0.003292077669212516,0.030478964890567672,0.003392619239766281,0.013110637664794922,-0.011406660079956055
5,2022postEE,mu,0.995,100.0,180.0,4142,2712,10.196651132431672,0.6399317123321812,124.30770409330158,2.8346458103992664,1.5054791699615464,1.0,0.6617218651288106,124.31301358784772,2.88081623431784,1.5028102951867979,1.1854088608707953,0.6624962810492008,124.31548161570494,2.8713840505190253,1.499945679758099,1.1773071214881277,0.6787959991200322,124.3297688586982,3.04633060383615,1.5022300995719249,1.3018620609615539,0.6717684772066655,124.33023615783118,3.0306603138181236,1.5013549089147844,1.1936930425496246,0.6363526659058426,124.35088682417613,2.858896855677962,1.4949108677753813,1.206384088918864,0.642595921306548,124.34404146275386,2.833726643246602,1.4771941233092747,1.1937312462576257,0.025802583972191817,0.00242176439257008,0.013995846350684849,0.0025981965047003376,-0.038338160728646375,0.0050453453466925416,-0.030038447477979013,0.004909439165679593,0.0340507469417588,0.0030450700924843873,0.03526090094017187,0.00306057081910161,0.012438774108886719,-0.010693252086639404
5,2022postEE,all,0.995,100.0,180.0,7737,5003,18.349280439136628,0.6327227590537471,123.89230372047912,3.584924709193479,2.0073031267788437,1.0,0.6525503703984483,123.9001761960176,3.5854542524667363,2.001391975367035,1.1898212868360807,0.6536566889344274,123.90978793596398,3.5724662025378744,1.9976177320677095,1.18084139617965,0.6689547133766145,123.90856224321475,3.6993968387148737,2.0032484217223328,1.3092791377462256,0.6619008391520396,123.91237884900224,3.6848609502917857,2.0003838031891874,1.20130077646339,0.6243083160922005,123.96620255154706,3.5581157832282333,1.9701994103922544,1.2087300191987633,0.6306736823564518,123.96733900776418,3.5337535946665874,1.9443135139851648,1.1952738262835818,0.025138814905812712,0.0017066189164537339,0.012612355013227994,0.0017273303257587787,-0.04327950084374821,0.0033863809832456464,-0.03516066915102156,0.0034866130648561074,0.0313369656156417,0.0021719430604999427,0.03308547002795903,0.0022447992204067094,0.012738499418157988,-0.01101151080085763
5,2023preBPix,ele,0.995,100.0,180.0,2622,1626,5.973275663090249,0.6287738526136625,123.77078389677631,3.9982283036025645,2.559927448213415,1.0,0.6508975761970626,123.76618584990456,3.9500464721423114,2.5690175167592955,1.1804451739934836,0.6511129041424784,123.77993105840024,3.93878362495126,2.5639308434140773,1.1688769234859204,0.6684189248845439,123.7632756605048,4.029580907788048,2.5946291339856202,1.2923314981754344,0.6590974321363314,123.76800755078025,4.026275030448819,2.597121413319414,1.1832387733197813,0.6239287869577336,123.83963933999277,3.9574738928303623,2.5391687326189043,1.1867259914453285,0.6307280867485654,123.80491493784781,3.918209881020404,2.5054100185444383,1.1641513625559465,0.026918749321285906,0.0027372533876792054,0.012262893183431434,0.0028981151788619285,-0.041433230396857534,0.006154486783602047,-0.031307653809687475,0.0061066896884541325,0.03518550189616998,0.003571803643929876,0.035527958797837655,0.0035578507772747476,0.012842059135437012,-0.011140882968902588
5,2023preBPix,mu,0.995,100.0,180.0,3123,1934,7.263511988430214,0.6266364703341913,124.42378526382325,2.9167357602246775,1.6224440579330661,1.0,0.6466760219066434,124.42383042701611,2.8663613637444048,1.621807003724264,1.1924028224637937,0.6479748167868133,124.42460211202751,2.858765275062647,1.621807003724264,1.1833355077130794,0.6575523955646739,124.41312597118278,2.9418766305083524,1.621807003724264,1.3114292019321403,0.65075837367617,124.41620151637615,2.9315450576888806,1.621807003724264,1.2040232661437194,0.6158772845425379,124.4519173222635,2.869196671595468,1.640791536157323,1.1963990228610173,0.6233772093775599,124.41477368293715,2.8578333128917097,1.629199555020321,1.1837602918294077,0.016818891206083153,0.002844217405380476,0.004295779430379287,0.0029864252581416765,-0.047626224447443244,0.006025854180060891,-0.037960745961129194,0.006198907974008019,0.03197954878330789,0.003374185695579578,0.034052193676569864,0.0034670198342437106,0.012871026992797852,-0.01109248399734497
5,2023preBPix,all,0.995,100.0,180.0,5745,3560,13.236787651520462,0.6275991904836862,124.1291097521784,3.4623260084858867,2.03007820061967,1.0,0.6485669680981571,124.12819541676878,3.412286860980689,2.0376478349564664,1.1870168560723295,0.6493787307628781,124.13541969622145,3.4012546183028487,2.034422543229276,1.1768230693428607,0.6624074692139873,124.12014338125603,3.4896861181562433,2.0445459109299833,1.3028272104249348,0.6544785403348689,124.12499266596396,3.481366391805192,2.047578577651663,1.1946615107708876,0.619487670632243,124.17539657715399,3.4176606111958803,2.029460536612355,1.1920420941356216,0.6266578240239516,124.14083270490741,3.3892058674470573,2.0149583046183395,1.1749280340237287,0.021340126458206488,0.00204028775072488,0.007853367119061039,0.0021264564276932,-0.04483622955881572,0.004402864039837292,-0.03498868327922344,0.004390338502947559,0.03340950391970887,0.0023765373022610176,0.03470294514307226,0.002374269872304784,0.012857863938621466,-0.011114476589919509
5,2023postBPix,ele,0.995,100.0,180.0,2443,1492,2.8926322425786735,0.6156512447509862,123.44323300517448,4.017397978092942,2.6304584072037542,1.0,0.6395181459596747,123.48960921303002,3.9361409898490565,2.6462560058018028,1.1865192810439777,0.6397992244165843,123.50271284613267,3.9222003378431625,2.633258096267838,1.1773872359564257,0.6569415337542377,123.46731278370827,4.039758953637253,2.638141383322491,1.3154800624387142,0.6495908336468197,123.46452848225762,4.027268436597327,2.633258096267838,1.2048924180867486,0.6051569965054784,123.5771187427085,3.8939243653864692,2.6781342055941977,1.1858940715461976,0.6083470128958492,123.57107240138195,3.872249773837509,2.653871983148079,1.1700693165751583,0.027244555771622547,0.003482321338399583,0.015304190528152128,0.0032020098807359885,-0.053729748985673065,0.00645210691120116,-0.0491595024195528,0.00649877171439676,0.038766917816176916,0.003893007576631583,0.03922347249596703,0.003947891023234533,0.015262842178344727,-0.013421595096588135
5,2023postBPix,mu,0.995,100.0,180.0,3067,1888,3.982562226276822,0.6352612239550272,124.34311134933625,2.7243677948638396,1.6711977590723919,1.0,0.6584666062513065,124.32065810767574,2.7126214276974916,1.6785757591599477,1.1903464237101933,0.6592584996985411,124.332049424291,2.6958330515500046,1.6785757591599477,1.1808155241463638,0.6745127608461468,124.3340931395422,2.7542662394084454,1.674556025617619,1.3042803098443854,0.6669565996432254,124.34363920082224,2.7536842325961652,1.6785757591599477,1.1980636925052155,0.631526638959659,124.386009802466,2.664704714512781,1.6677456453890471,1.2068042769574727,0.6383800866382545,124.36221136226534,2.61222423750882,1.6346950619621126,1.182282792280056,0.02436897246193248,0.003305507151317309,0.011676906627983374,0.0033138402127607077,-0.04091318684332146,0.005545251156170945,-0.03166953944444195,0.005152184936937471,0.03652888201141358,0.003538675521587025,0.03777544549958689,0.00353758233428036,0.01120901107788086,-0.010221362113952637
5,2023postBPix,all,0.995,100.0,180.0,5510,3380,6.875194468855495,0.626860408425056,123.96450138789992,3.3596443061382772,2.103730292594925,1.0,0.6503641208124117,123.97122246025216,3.3086446844785473,2.1072656979874225,1.1887068952226196,0.6509360966554962,123.98342464138054,3.29345592053325,2.105877687240998,1.1793468628914192,0.6669485247176228,123.9665515832754,3.3871549176666806,2.103730292594925,1.3090782269939807,0.6594930148465404,123.97148168855867,3.380444440075439,2.103730292594925,1.2009890838744954,0.6203427382208418,124.05134082706684,3.2549827483880707,2.100862341549629,1.197846451121649,0.6255903808294352,124.03458800031882,3.2185636537240705,2.0711881265930217,1.1770506012966262,0.02550018270456622,0.002415796752885096,0.013145557966457222,0.0023205283994256454,-0.046160883773951444,0.004139752170155203,-0.03893733341304484,0.004135313471974712,0.03749433218538578,0.0026081109743077502,0.038406777500797684,0.002617712347333675,0.012925490601881261,-0.011576409783821273
5,2024,ele,0.995,100.0,180.0,3724,2224,33.823363307690016,0.5815221571645031,123.51697152326958,3.896515348635709,2.769615015437502,1.0,0.6030741044590723,123.49954120491107,3.8518428883868867,2.772028197309986,1.1713434199199901,0.6038297756156874,123.50836918614517,3.842665610209028,2.7710391835531,1.1618908711622162,0.6184046041693979,123.53657594718268,3.8661079373043425,2.7458887110854278,1.2943172838037666,0.6101841164946379,123.544016505113,3.8661747752317175,2.754081811869696,1.1890421311291044,0.5686467582601361,123.5960245452982,3.8272591297847756,2.7710391835531,1.203371143538854,0.5733445765224793,123.57580796866644,3.8105848308580588,2.757979417324229,1.191306505406281,0.02542059026738741,0.0028676824853736222,0.010523397711666993,0.003027928963113055,-0.057086427595520406,0.00523652118867354,-0.05048641243655838,0.005135947714491272,0.03706126590198444,0.0031696578371415204,0.03836073686333141,0.0033338417024581435,0.014012575149536133,-0.012166917324066162
5,2024,mu,0.995,100.0,180.0,4497,2711,43.19532056830333,0.5814788484433244,124.27660571364801,2.6913481445454153,1.693157477414971,1.0,0.6057396571804413,124.27991233301437,2.644559372688129,1.6847989236114742,1.164599588140101,0.607675599211714,124.28665877711173,2.6384270368753517,1.682032473827853,1.1543338844869238,0.6230963498068232,124.30266012009508,2.6833196864539266,1.6880515922304866,1.2832993657442202,0.6160365208260824,124.30421786758224,2.68932094111746,1.6880515922304866,1.17824971758825,0.5736176260721475,124.31805677127586,2.6366675539362943,1.6793494836995109,1.2059274935629887,0.5822382296603983,124.2963213356822,2.6266457730903556,1.6754804803937233,1.185015856940487,0.028653716857787837,0.0029210920587945783,0.013758856905254024,0.002827158709666617,-0.05302943389543524,0.005080387140513428,-0.04186011349528174,0.005031656331997613,0.04172259885645957,0.002961483472901932,0.04505194099238663,0.002989161190273638,0.012527942657470703,-0.01142340898513794
5,2024,all,0.995,100.0,180.0,8221,4935,77.01868387599336,0.5814978670158387,123.94300635945125,3.2972964414395585,2.121988451627203,1.0,0.6045653155164654,123.93695835981808,3.25430700865392,2.1294936765331514,1.1675610714219837,0.605980562696521,123.9448472130232,3.246262158507234,2.1268753363722013,1.1576524562471253,0.621026134802717,123.96605530803716,3.27848930517265,2.120030346829907,1.2881377693698568,0.6134533484821983,123.9704634213378,3.280527958174473,2.121988451627203,1.1829890932600626,0.5714373191218747,124.00290774144776,3.230992305287413,2.1064419321736665,1.204804899152835,0.5783210737281798,123.9817063496335,3.2178929957313183,2.092088309588803,1.1877783295038158,0.027227528380766364,0.0019462990582870667,0.012331725216440326,0.0019234463485944754,-0.05479638931368447,0.00409475815096181,-0.04564418509607093,0.004055462963462027,0.03966901653312238,0.0022563449095132472,0.04210281252848591,0.002310763084160865,0.013182966398319524,-0.011751446810067609
6,2022preEE,ele,0.99,100.0,180.0,3786,2841,3.799262584668704,0.7621189627414585,123.4941440333476,3.861112341058318,2.6113311807924333,1.0,0.7778414406860772,123.5169283877395,3.7772280015118396,2.5978568874264383,1.1438095237415749,0.7791029850267666,123.52848696864,3.7664107304747203,2.5958422274388298,1.1349154838762057,0.7866140343611113,123.5468743603455,3.835983732997861,2.5975341099857374,1.2113712961282845,0.7794036094537863,123.5574436069301,3.8159397759023177,2.59783012989368,1.1161122958633134,0.7627143110091473,123.56252947456322,3.814392135722756,2.6093261305614988,1.18444710142636,0.7661270639101712,123.54529992339806,3.7653970711548506,2.592581574217242,1.162809665346649,0.011278125870095579,0.001717728571215903,0.0003858596781134427,0.001814113106078804,-0.019447574898538877,0.0036463776685676298,-0.016654949815331,0.003249689494627307,0.02062995242640664,0.0019532015487108765,0.022285264001585592,0.001983695860662652,0.012496352195739746,-0.010861515998840332
6,2022preEE,mu,0.99,100.0,180.0,4165,3194,3.9154095990138646,0.7642052384101997,124.24126721495485,2.9965268152969524,1.625858264452539,1.0,0.7823204889835658,124.22787809949102,2.955803490328646,1.6225173947892273,1.1427152193211383,0.7832986828229587,124.2333821624618,2.965098941470884,1.6179136435126296,1.1365220696096248,0.7937046606472367,124.2273283631654,3.0658717037343903,1.617019890275536,1.2150601072365945,0.78508885447451,124.22779860709984,3.086389589879616,1.6152535469365858,1.1204190470453979,0.767994808726102,124.29591291118703,2.8637565284096302,1.6178577158128178,1.1867566446801576,0.7730927969328638,124.27156672747621,2.844302166494204,1.6085704408031347,1.1723795875891414,0.014551800475610444,0.0017891773288868842,0.0022854266077656504,0.0017638050121563708,-0.018311779455088106,0.0032615510870092545,-0.013029366848050228,0.0032999585127650526,0.02370469301028577,0.00203414856605922,0.024984707579968513,0.002042150253636061,0.012974143028259277,-0.011240661144256592
6,2022preEE,all,0.99,100.0,180.0,7951,6035,7.714672183682568,0.763176379838429,123.87332972099071,3.4696636279383597,2.0609678791828756,1.0,0.7801105495248984,123.87811946918455,3.403523821168976,2.0526539531749677,1.1432548816965193,0.7812310343874436,123.8869546081114,3.4010214533428647,2.0474815138652573,1.1357297728255138,0.7902132671242295,123.89380185824174,3.4814566577273887,2.050882418966701,1.2132409493058895,0.7822906166329084,123.89907220705282,3.479574870922059,2.050882418966701,1.1182951484942323,0.7653932726744076,123.93586247512599,3.38412075616616,2.0526539531749677,1.1856176804439602,0.7696718763266488,123.91653468534206,3.346344721165449,2.0396328415445097,1.1676601266483406,0.012950366592893392,0.001327470136021848,0.0013562981996684265,0.001297845595324885,-0.01886562982573936,0.0026156073564762624,-0.014796081507256309,0.0024960542691683397,0.02218906419778688,0.0014693877038042204,0.02365725017962017,0.0014868388659165627,0.012740662392996847,-0.011055385405620823
6,2022postEE,ele,0.99,100.0,180.0,3485,2612,9.456316929559723,0.7348730820653039,123.40032953667703,3.9186016694252617,2.5074587667404558,1.0,0.7511869485437466,123.40302699975277,3.84211224107832,2.520612651653778,1.1466431232021237,0.7518947063028544,123.41024925297636,3.841178009003461,2.515673944585444,1.136741953838056,0.7645368782435104,123.41185246002084,3.894507964485161,2.519024331280889,1.22426736358085,0.7556000686299071,123.41608838624593,3.904168043002572,2.514865597323187,1.127840934963246,0.7341262732064668,123.5045355956436,3.836641296154075,2.5057932069906173,1.193475901606071,0.7388948069670679,123.46639457028942,3.8444479857852074,2.505473906735496,1.162848227692386,0.017771780680753357,0.0021287462716654258,0.004928033534472354,0.001963788949915457,-0.02271162374473301,0.0038846670168836543,-0.017289521028427512,0.0034172410071298654,0.022199570070785324,0.0027037046530825576,0.023162672103477444,0.0027551439876695783,0.012815356254577637,-0.011152029037475586
6,2022postEE,mu,0.99,100.0,180.0,4126,3149,11.913917316413848,0.7496125645349234,124.26786170285749,2.9751543020004987,1.6567748021933113,1.0,0.767456967179088,124.2791729688447,2.9962187587805427,1.6581924516292261,1.1422773123915533,0.7678037721262424,124.28096189197575,2.996821660452411,1.6567748021933113,1.1355066926935702,0.7793921777528204,124.28747938153354,3.061707868839012,1.6567748021933113,1.2202817313746404,0.7703319152722705,124.28008492669727,3.0674776474432983,1.658682150739807,1.1253316036488517,0.754997946070894,124.34606858412351,3.027034843226938,1.677547849266361,1.1996947743369148,0.7564941176685833,124.31192888150149,3.0600907847006815,1.6562851030827304,1.1776571017725332,0.015551634924368729,0.0019362626233026595,0.00329269435474,0.0018938162313768862,-0.016234162488600656,0.00374886873766236,-0.014729876132725694,0.00348239833525106,0.02380483397478228,0.002314403690296618,0.02426747956473374,0.00230425269967816,0.012040138244628906,-0.010367214679718018
6,2022postEE,all,0.99,100.0,180.0,7611,5761,21.37023424597357,0.7430180625515451,123.88397919527405,3.4518369228748753,2.019179535037985,1.0,0.7601623495113631,123.89099343930724,3.4248486361138935,2.0357516373008906,1.1442305931874497,0.7606817172735019,123.89567029886265,3.423863750950945,2.0337975572393674,1.1360593533506924,0.772733880563492,123.89917762637121,3.4831428404226297,2.0219161133833623,1.2220649187791535,0.7637327160698009,123.8971749815843,3.4898102993689113,2.023549211916034,1.1264542882725372,0.7456866892408798,123.97646466463658,3.4319038891605014,2.038955492724938,1.1969124264056048,0.7486751419459247,123.94118444502807,3.451780633160681,2.026062869744152,1.1710315537117775,0.016537955425192985,0.001418912546154156,0.004010874360480976,0.0013534189151301332,-0.019042853516473612,0.002684862959466072,-0.015783967269007326,0.0023845026117389817,0.02307384951173863,0.001851545419484696,0.023772847003610265,0.0018579429912396696,0.012386166649039245,-0.010717526535851413
6,2023preBPix,ele,0.99,100.0,180.0,2554,1865,6.824389622659384,0.7334866751569231,123.69704099746707,3.8432334493908584,2.6046872280558446,1.0,0.7519162978177065,123.7099671677431,3.8343368226941514,2.611044739838114,1.1400524344498604,0.7527507928196036,123.71680850537403,3.825909465468191,2.6097540117333367,1.1309453812641783,0.7641624331450538,123.70926371565453,3.8766459316759554,2.5801025258807684,1.2199728455931969,0.756129021719719,123.71634295625194,3.8662763546591505,2.579882470637557,1.1224443741355226,0.7306602271236748,123.82296198689498,3.801083105851548,2.6139242586374962,1.1926082461454695,0.7334555163193597,123.78229046740154,3.7736634821536224,2.606148998441526,1.1609195055642623,0.016286567218837256,0.00222224589050302,0.004487845024329307,0.002220926266226811,-0.028269197988823214,0.005121625540144212,-0.025633020495360648,0.005211223814544509,0.025126049708865672,0.002734908359451894,0.026263759540770204,0.002681109428430904,0.013156533241271973,-0.011461496353149414
6,2023preBPix,mu,0.99,100.0,180.0,3114,2248,8.593596791663636,0.7342250323238162,124.31259492519594,3.175382789665196,1.5852737150979834,1.0,0.7545290095718165,124.33546180599467,3.150046312282763,1.5953443409823436,1.1393740662679945,0.7551189266254964,124.33960894485816,3.12751394317481,1.5927386185432724,1.1309827493277809,0.7666318922613801,124.33682816657873,3.2679149745285048,1.6105311446716257,1.2113391807428204,0.7572165808790745,124.33755476924017,3.2457660269434268,1.6100615730278918,1.1169014191802138,0.7383908398653135,124.33856286026318,3.1678770429176724,1.596648670634913,1.1927448355334074,0.7393677576924601,124.31112483069346,3.1256086415037014,1.5916731434122795,1.157216057331794,0.016040314601597272,0.002345697664064005,0.00277791243155856,0.0023078600723672464,-0.021388401906059396,0.004136060416097403,-0.020859189695357938,0.004154817777060172,0.027653616199570852,0.0029902104802703665,0.028457071581380333,0.002973817605526643,0.012635111808776855,-0.01093745231628418
6,2023preBPix,all,0.99,100.0,180.0,5667,4113,15.417986414323018,0.7342704759212015,124.04013523275013,3.5001844417069674,2.04219641455348,1.0,0.7537373015296408,124.05889023607466,3.48318129621833,2.052302084763575,1.1396995194413826,0.7544755367589001,124.06427482614124,3.4675510037371198,2.0489404306210233,1.1309321800002703,0.7659558444918836,124.05829627016465,3.564653227596714,2.0509895482238747,1.2151097470042802,0.7571868737207883,124.06189794670581,3.5480305634088047,2.0507205350669295,1.1192538862706558,0.7352355157458357,124.11156958534151,3.4704015182855446,2.0648674787405668,1.1928544202856024,0.7370555804771922,124.07754861484779,3.4370334007705385,2.049458075822429,1.1589553131426884,0.01621061202284446,0.0016481137638628559,0.0035936711394721765,0.0015915245944817084,-0.024546729671276024,0.003419100246727456,-0.023088828508000536,0.0034373448143970075,0.02651179129055481,0.002034001760907247,0.027517190872137,0.002021725553532645,0.012868185008287724,-0.0111716978089796
6,2023postBPix,ele,0.99,100.0,180.0,2398,1751,3.456650560558991,0.745485346196839,123.57389607901382,4.1053299892733355,2.6969520771098914,1.0,0.7638549586531429,123.5825007419682,4.0459124819195225,2.6783415865187834,1.147811759873211,0.7647845227701017,123.5847336740893,4.04298241809844,2.6750739555163037,1.1394821374294402,0.7728309141894002,123.61170977953796,4.086312445992515,2.6750739555163037,1.2305078214954963,0.7648461297540057,123.60299982912306,4.0932545011609855,2.6750739555163037,1.1365508062033127,0.7455617447620918,123.67502745642092,4.03895682372016,2.7032360460479836,1.1844434331446914,0.751560867096343,123.63818030465455,4.032668397148942,2.6750739555163037,1.1550915984456678,0.011750863740001227,0.0025298544485806724,8.055469491052847e-05,0.0025957791392778678,-0.02394854374357447,0.004692523568414228,-0.017290694672875584,0.004622257732170637,0.024641144926614622,0.0026322936316058865,0.025888069660549462,0.002704628552876323,0.015215873718261719,-0.013392984867095947
6,2023postBPix,mu,0.99,100.0,180.0,3196,2300,4.713534716641598,0.731573830352833,124.24713356896099,2.9842442423165587,1.723339357377185,1.0,0.7512791864483127,124.26421014555426,2.9558304809289098,1.738089947173684,1.1507892138994293,0.7523055627867116,124.26518852351639,2.9547245947573524,1.7362146500716023,1.142422155830305,0.7629798250039729,124.25513004150896,3.0203725381995215,1.7519780803960074,1.23542699764822,0.7556882315166548,124.2562967845743,3.0137492447261693,1.7558616112183074,1.1377718941391706,0.7355550470117904,124.3405044831555,2.9007698879982544,1.7287343599362472,1.1903181369358768,0.7404821822941177,124.28293747890339,2.9198818972121807,1.7317201777693398,1.1553000854824664,0.015574288183032525,0.0023231398135900696,0.00449640265507667,0.0023822513629541734,-0.020929821722944886,0.0044194385505594656,-0.015716194426101837,0.004500904573077366,0.026935567235881086,0.0025440556297824887,0.028338537511490625,0.0025763471677164745,0.013599991798400879,-0.011767983436584473
6,2023postBPix,all,0.99,100.0,180.0,5594,4051,8.17018527720059,0.7373956600044372,123.96229954524439,3.5183804691152676,2.1215849100018715,1.0,0.7565340940252785,123.97659476792825,3.474254814527765,2.132915262508625,1.1495431792954005,0.7575200585017109,123.97812488204404,3.4721748294336225,2.132915262508625,1.1411917876594784,0.7670928453813611,123.98448012506033,3.522787731943207,2.1429577098476287,1.2333683718371635,0.7595183270438409,123.98115266051738,3.523905400063056,2.1543727089320654,1.1372608811027836,0.7397307059791093,124.06062099569009,3.44156815730083,2.1283965685819055,1.1878596324055706,0.7451180140356158,124.0108085343546,3.4485503234872956,2.1276569019090275,1.1552128357516378,0.01395674225321808,0.0016908821835432198,0.0026379084219663174,0.001713181133423461,-0.0222110122714545,0.003317942523814911,-0.016371902402987026,0.003218539586870113,0.025954090943152597,0.0019410613289559465,0.02729118109693318,0.0019525420016427467,0.014283692475928589,-0.012455542697795759
6,2024,ele,0.99,100.0,180.0,3674,2607,40.45829700311386,0.696533164485961,123.46075212448984,3.8869737714944503,2.842328884217558,1.0,0.7164194216291078,123.47549365036458,3.8471469421677305,2.861687058108842,1.133913514587684,0.7179743209950014,123.47977338842408,3.847368081309284,2.861687058108842,1.124404406397278,0.7333287973349614,123.46205814668144,3.937293035533768,2.861687058108842,1.214332243005578,0.7235697088954358,123.46865951126102,3.939623055410572,2.8669972212207355,1.120376917202704,0.6936282691401131,123.58532695796809,3.829128014918084,2.854871853137894,1.1943616383531317,0.699338495771935,123.52950648998278,3.812192815703048,2.833590359804745,1.1640846996474425,0.02360262046972772,0.0021393548405797594,0.00779329808436624,0.002165752141970362,-0.031812583245117154,0.0044079052544588205,-0.025956116643893412,0.004399277523636581,0.028550337811728888,0.0027896925233938732,0.0307826785604155,0.0027780843898274968,0.013494014739990234,-0.011745154857635498
6,2024,mu,0.99,100.0,180.0,4511,3135,50.50698882169867,0.6732032339040777,124.216180937773,3.064891972056005,1.7131296217606362,1.0,0.6926876640420783,124.24137958916275,3.0482869666059145,1.7224738081922268,1.1155312553807044,0.6938269357896458,124.243718210461,3.0328130790388252,1.717982802466807,1.1074112294142544,0.708165193593519,124.25238604095239,3.1256526017851187,1.7205424981579256,1.192417885767759,0.6981569925396831,124.25460406971627,3.1124395604669854,1.7232542416067744,1.1020368428271379,0.675044610189357,124.33923390147103,3.100647416590448,1.7289120075758149,1.1900372863857698,0.6806761318843929,124.2892529724717,3.071978189066242,1.7156444486997913,1.1653244927215327,0.022344168021015243,0.0018556385032381416,0.006240831144886716,0.002140502349170598,-0.02547043172353869,0.0036491004096259553,-0.018954011767049583,0.003912106326944529,0.028942864734926133,0.002462012238398088,0.030635179462769502,0.002477267059773496,0.013568878173828125,-0.011753737926483154
6,2024,all,0.99,100.0,180.0,8185,5742,90.96528582481253,0.6833837121508866,123.88019163135361,3.475101528056346,2.1632634145800864,1.0,0.7031389832811292,123.89771761511534,3.450924207897483,2.1767875143744106,1.123552719024886,0.704454655298268,123.90103894018743,3.4432838010787212,2.1729917183106693,1.1148265394604056,0.7192586689118512,123.8971510569324,3.5356653404368648,2.1688943533722025,1.2019806504904995,0.7093496029307953,123.901508509907,3.5299891572928392,2.170386463363087,1.110039898282875,0.6831705412056932,124.0045326768444,3.463452456394667,2.14970190037905,1.191924303193675,0.6888149391461464,123.95285940226029,3.44030795257085,2.144868355037154,1.1647834844070408,0.02292531919578833,0.001403760971060383,0.0069485631129158065,0.0015244661109836176,-0.02839899728252193,0.00273516437304043,-0.022201168002076277,0.002866652011876343,0.02890802162677364,0.0018461074625011628,0.030833253372490654,0.0018391174985635207,0.013535443035924365,-0.011749904598570622
7,2022preEE,ele,0.99,100.0,180.0,3619,2620,3.4959733182148436,0.7356123493694212,123.46298645576913,4.03704285688968,2.5006595865076306,1.0,0.7530856333437187,123.48130399716278,3.953531309357566,2.4975144373462186,1.1147560141050994,0.7538359425791825,123.48427149529687,3.961784979390826,2.4888503015102827,1.1049197712172827,0.7657149690374421,123.51958742642779,4.0415068860091985,2.4975144373462186,1.1522082747667148,0.7574298361810947,123.52124293206703,4.054782480112826,2.4969508836318255,1.0672370298933591,0.7361592875495276,123.56508418332217,3.907473018090202,2.4771941449214765,1.1661964988181055,0.7403216037842173,123.51787746265738,3.922163108248441,2.479247598145683,1.1405469764123537,0.01677011900711589,0.0017544202661834063,0.004767474458190479,0.001825751627858031,-0.02247599083657681,0.0036420015466952123,-0.017927426952775827,0.0035919852109126274,0.02375338585503073,0.0018077413983480853,0.024773364973253775,0.001873355875485595,0.013477802276611328,-0.011832475662231445
7,2022preEE,mu,0.99,100.0,180.0,4262,3111,3.9377639742323094,0.7348388532223847,124.28365771021062,2.754672766538289,1.5651621202002204,1.0,0.749375806163303,124.28633170314886,2.717210112250703,1.5723018294162117,1.11101645830777,0.7497053148524024,124.28647214323807,2.7154731771775,1.570038206935088,1.1011989703823766,0.7593747419024468,124.30798782103348,2.734638037990599,1.574791634674213,1.1450579991956005,0.7502035601611035,124.3095039596248,2.734813347172598,1.5762244463391397,1.0578009014424774,0.7350859821029267,124.34978609510117,2.7186505767972844,1.5639944559206356,1.173089652195157,0.7378433380687963,124.32794023911097,2.7301008820572545,1.5616029370619415,1.1454800499267137,0.013343019159287817,0.0016250870597507082,0.0006645882039653106,0.0018098954741535749,-0.019068969057779106,0.0035542656471585186,-0.015822185795683508,0.0034367136442271127,0.019782504527586564,0.001999517298500574,0.02023091398178778,0.0019593874488523745,0.013230323791503906,-0.011107027530670166
7,2022preEE,all,0.99,100.0,180.0,7881,5731,7.433737292447153,0.7352024139532524,123.89770853072206,3.4426653114095997,1.9470404942476236,1.0,0.7511226146519207,123.90628587714679,3.3820344709302557,1.9484280669009735,1.112774134340167,0.7516502747123897,123.90764715765162,3.385863353305615,1.943555080485794,1.1029478311570993,0.7623646258361665,123.93456509363449,3.439127116064509,1.9521470971772956,1.1484187908718084,0.75361606432306,123.93537531569683,3.4478633934592113,1.9521470971772956,1.0622360958119739,0.7355888846166675,123.9818250688507,3.3523435952798666,1.9349096610234753,1.1698497137813135,0.739005515159798,123.9473866159611,3.3678241151844897,1.9336546819090685,1.1431613935000777,0.014966945429349732,0.0011752361580666332,0.002615298200246974,0.001263678217802583,-0.02068068479398888,0.0023945727339355163,-0.0168226633821561,0.0023515124205234204,0.021654173594267467,0.0013977341806598318,0.022371880786810294,0.0014068864409158676,0.01334645533621878,-0.011447450707626991
7,2022postEE,ele,0.99,100.0,180.0,3567,2625,9.249806480431996,0.7088325944718782,123.5261668177273,4.241257888671995,2.6157079726942882,1.0,0.7260611837285862,123.5757846346522,4.281910986874013,2.601546295485761,1.114125070471958,0.7265880534345824,123.58593826315406,4.292051448939901,2.599579957884991,1.1055012946261924,0.7386863072348977,123.59991404961225,4.36399160444483,2.5947323724706592,1.156754649925006,0.729708113369706,123.6096608133835,4.364145050712558,2.591044566457761,1.0719813193937369,0.706454167856505,123.69800911608745,4.2110632844112095,2.5681373750576384,1.182862346117107,0.7117990036158776,123.65472036003888,4.172745075363087,2.5598819199456457,1.148444374438785,0.017388511862701295,0.002098377472806164,0.004294125013995176,0.002194118672523641,-0.02700463309633494,0.0045345803030206145,-0.020354105395480993,0.004340293780093006,0.024305582715964613,0.002581145351270373,0.02504887487000107,0.002557300549879921,0.013435602188110352,-0.011801719665527344
7,2022postEE,mu,0.99,100.0,180.0,4092,2979,11.273651045051684,0.7112532704232392,124.3543672636638,2.812895046257559,1.6003443778185726,1.0,0.7299583641627228,124.35375458092157,2.8317262424863303,1.6107160284239157,1.1067172695273306,0.7305711117882208,124.3531684089745,2.840858923474491,1.609401196638494,1.0985428339353671,0.7399378708819228,124.34263648480243,2.9064277138792933,1.61174197384711,1.1518347894793244,0.7312812384690126,124.33970445817597,2.9165987831924776,1.6147492605257483,1.0688037573532774,0.7108903117971415,124.3844961257161,2.857354768578007,1.6241649466383308,1.1707833144108986,0.7131830707669012,124.35252828676936,2.8363042542067487,1.6025805400300683,1.1373518848464452,0.013671336899669262,0.001915635611746844,0.0009720158234201026,0.001914171366768599,-0.02612210956367733,0.00405887845126478,-0.023800613986445174,0.003946024534797003,0.02629878064160307,0.002198603523507713,0.027160284765349818,0.002249999629047432,0.013553857803344727,-0.011803984642028809
7,2022postEE,all,0.99,100.0,180.0,7659,5604,20.523457525483682,0.7101602420121192,123.98110199671702,3.552933544625839,2.017300423885338,1.0,0.7281921964125662,124.00221724610785,3.5819071674210377,2.0222251601721837,1.1100621769247239,0.7287663771920767,124.00657343658288,3.590601494547847,2.0190743695678393,1.101684846904289,0.7393714203427081,124.00679604766373,3.6572820970161524,2.024782181058143,1.1540562959320373,0.7305697552146102,124.00991426780072,3.6605377226457785,2.0277445081558767,1.0702385489809487,0.7088759400369481,124.0738398911008,3.551239594342777,2.0190743695678393,1.1762374623840224,0.712554782837287,124.03609907480376,3.5232029424177806,2.008916564027473,1.1423605710638896,0.015352023799782843,0.0014751818181188633,0.0024745626019162525,0.0015045922051760547,-0.02652631608904832,0.003023370438244904,-0.02224525562945512,0.002760798578588087,0.02539138821592779,0.001818804791849267,0.026199911061255854,0.0018173635079616543,0.013500122619233036,-0.011802955439913764
7,2023preBPix,ele,0.99,100.0,180.0,2631,1891,6.910928667299896,0.7283345379437568,123.72779959912832,4.028824381652351,2.753003112572692,1.0,0.7451795466091371,123.75116294089779,4.030468978026599,2.7364019903958834,1.1176466409862629,0.7460380135718869,123.7546911732844,4.012074140076406,2.719400005749243,1.1074090679564124,0.7558788333055068,123.79136885239409,4.08557268177159,2.681514420349963,1.1599069110929499,0.7482686279670523,123.7972349595346,4.097411931047797,2.681514420349963,1.0729546724661678,0.7294122084529282,123.85010105643414,4.171356205410718,2.704303133100808,1.1826973430075223,0.7348196608823767,123.82850480066959,4.127539440244797,2.669780642622719,1.13568483826407,0.014357998344232126,0.0021312861159698574,0.0029899473680778943,0.002147566256104032,-0.021159112898302856,0.005284035166901741,-0.015037240040623234,0.004883917910391853,0.023128120098406146,0.0031199453485509475,0.024306791324369748,0.003236544763669758,0.013519525527954102,-0.011819303035736084
7,2023preBPix,mu,0.99,100.0,180.0,3057,2110,8.174780596625599,0.7073806093671252,124.31637425849713,3.059781539442587,1.6546193530394575,1.0,0.7245558716079923,124.31134943294661,3.018538137607075,1.6729283125339478,1.1121416762403153,0.7248398424704838,124.30978457941079,3.0083367267948504,1.6697850617380183,1.102608049076366,0.7352957873542261,124.31610781149566,3.0608635237699033,1.6704512048317142,1.163420063255717,0.7255952763526328,124.30872452533643,3.0765568108328845,1.672704273914718,1.0777550420619597,0.7035727356397322,124.39234980133732,3.0284557911660848,1.6556922175033435,1.1811389900356135,0.7063321162556687,124.34944844772028,2.9880425515208224,1.6404358367313279,1.138456650595007,0.014822757177302082,0.0025389867040340724,0.0010422079994585332,0.002585165444792475,-0.028959997138236715,0.0044764422320327036,-0.025533538763176877,0.0043068896472294145,0.024280086297860715,0.002653797620200296,0.024681526284667132,0.0026798613664216725,0.013639450073242188,-0.012006700038909912
7,2023preBPix,all,0.99,100.0,180.0,5688,4001,15.085709263925494,0.7168281833852566,124.04674175961257,3.548957449698185,2.1025070637462093,1.0,0.7338797615067244,124.05419161765471,3.5304398205164316,2.114027527538205,1.1146237197251132,0.7344203469416822,124.05494181364841,3.5159231090784133,2.1025070637462093,1.1047727019273004,0.7445607306616714,124.07631923525774,3.57541519807877,2.089907387331884,1.1618360755575,0.7357930392708181,124.07477195065266,3.588857705091027,2.087542154215001,1.0755906819561796,0.7152315083903419,124.14283625230814,3.609844035121557,2.0979609993042985,1.1818416103101188,0.7191592079416991,124.10977515136236,3.5673780465623026,2.081159276505005,1.1372069134841294,0.014554113241953992,0.001550407587856501,0.001869082651171139,0.0015850188563708712,-0.025410501957563003,0.0035810873583716775,-0.020779842311742236,0.0034150112195367906,0.02378753865527572,0.00206602330701247,0.024541673952251486,0.0021570770393650692,0.013584258395074654,-0.011920456183960244
7,2023postBPix,ele,0.99,100.0,180.0,2403,1685,3.348402404786788,0.7234593982010146,123.68088223625962,4.0809414367376045,2.7169107277674627,1.0,0.7394226134196571,123.71806992369532,4.022373878078035,2.734284502215246,1.1171897210864379,0.7396727587991996,123.71685685344983,4.023247053872094,2.7271503536916626,1.1076000049629695,0.7514354236749322,123.71486401620098,4.115258256935626,2.7382770743316485,1.159969723831681,0.7432670602607127,123.71051439145852,4.128339334841845,2.734284502215246,1.0729932699493052,0.7237660567339506,123.81551548152672,3.945503384035187,2.7188761488843696,1.1753146315446577,0.7271152296974199,123.76089330212733,3.9568141469167584,2.6861157816673966,1.1367319975139447,0.016246203506975032,0.002537594384742647,0.004859313012078648,0.002424165409938891,-0.02117403011695651,0.0043618745565981035,-0.016977141516156147,0.004489590190371316,0.022065115552216685,0.0028728599707529712,0.022410878396910583,0.002976201523233261,0.013263583183288574,-0.011669576168060303
7,2023postBPix,mu,0.99,100.0,180.0,3168,2165,4.424463738371572,0.7007146796564326,124.36941472706043,2.788520493815399,1.5408113066938114,1.0,0.7203641114925999,124.37854300529247,2.7548205224069098,1.5506613066671733,1.1204505483363918,0.7217899135871666,124.37720062012065,2.7546709071680024,1.5470348603656987,1.1091956800915677,0.7347760568120896,124.38873492230877,2.7824992598830485,1.5263439763130577,1.169561523261649,0.7259142338588984,124.38866539503083,2.7940338761606673,1.5263439763130577,1.0813256592669074,0.7031777695023508,124.4516843662878,2.6545069774826704,1.534497664480945,1.1858136353168276,0.7065487874634411,124.40787200797536,2.6451924471860586,1.5114701274640296,1.1472526964391967,0.02000647323980087,0.0020971713340249354,0.005714017602760135,0.002171652976233399,-0.023857854265725287,0.004658421863579977,-0.021115737192807016,0.004634973417023915,0.028041986855194212,0.002521797280944722,0.030076769536307335,0.0024878807850163584,0.013731598854064941,-0.011919021606445312
7,2023postBPix,all,0.99,100.0,180.0,5570,3849,7.772706140456599,0.7103306867548084,124.07297042165642,3.422810236749673,1.9911816598919927,1.0,0.7284073755508969,124.09561041554993,3.372974541105828,2.0078214580101132,1.1190700555893092,0.7293431800543992,124.09435059735878,3.373292755230913,1.9998547225174264,1.1085194169228023,0.7417855754301625,124.10151408845992,3.431134363462955,1.9911816598919927,1.165506370761793,0.733217584483904,124.0993418659139,3.443954545710199,1.9914507603442146,1.0778027079746815,0.7118368218683887,124.17967482683204,3.2847878293984127,1.9903654585878954,1.1813720003861787,0.7151981326307233,124.13127216512424,3.286712099104695,1.9676054566859875,1.142806065107924,0.0183663706990167,0.0015745292338931423,0.005312182982523783,0.0016555969162384138,-0.02274901962651843,0.003146954556401413,-0.01939422731370566,0.003072409405675551,0.025448272379549053,0.0018346217566799228,0.026765693294838133,0.0018828621930472348,0.013529334221124302,-0.011811217545205298
7,2024,ele,0.99,100.0,180.0,3650,2496,39.19052127487777,0.6733651822576732,123.53752274703832,4.082365109944807,2.8368782854346293,1.0,0.6922334234634132,123.55571295239231,4.036447576730935,2.856564824559335,1.1045064260700057,0.6919557086134992,123.55513057337275,4.0299279502253045,2.85090716436423,1.0931660346951244,0.7034128904461889,123.5674857977981,4.111475011999228,2.85090716436423,1.1608927415261698,0.6922504052487257,123.55917561892011,4.11189439882683,2.851241575472521,1.0770503797187412,0.666796949203046,123.68657728945045,4.019144331617818,2.8446380381973952,1.1786515858064284,0.6710608928465066,123.64918362734366,3.974006865012286,2.8176279321851183,1.1406719202846598,0.01614985148628345,0.002200319737430035,0.00042588944864263567,0.0023798798581018406,-0.03674551588841568,0.004441004033018213,-0.030196753212514693,0.004622392192030873,0.028020815009291322,0.0025172432835789157,0.02760838672040533,0.002519144295138339,0.013336539268493652,-0.011675357818603516
7,2024,mu,0.99,100.0,180.0,4393,2956,49.09826504969892,0.6603620068430306,124.32972734351105,2.782651822688794,1.6769365781028398,1.0,0.6754447653496785,124.34187613025341,2.801452586218216,1.6769365781028398,1.097522274737822,0.6764068426830857,124.34735923557729,2.8044051855006393,1.6748169892312674,1.086107913151388,0.6883971717206289,124.33363801246605,2.8141634391220727,1.6812720623301374,1.1430351029414862,0.6773532430197349,124.33635937792798,2.8276085980510066,1.6812720623301374,1.061229402344242,0.6559738659672784,124.41269609064265,2.8229953650499415,1.7010557435930878,1.1941925554570907,0.6607200373102547,124.38641137631289,2.859428829629698,1.6753513151186112,1.1501160551162601,0.019176114814132728,0.0022391696982583566,0.001399158430886116,0.0021074857611527156,-0.02882678256055471,0.004805261360591779,-0.02319137593375975,0.004705348377299185,0.022840136698283775,0.002427646528834877,0.024297030528391605,0.0024548370598209274,0.013066887855529785,-0.011347770690917969
7,2024,all,0.99,100.0,180.0,8043,5452,88.28878632457668,0.6660714675478348,123.97807553828652,3.4436471839349405,2.1439385461465648,1.0,0.6828426026316351,123.99069316318176,3.4312119893393906,2.147795143461586,1.1005888901079879,0.6832588858230061,123.99379776740382,3.4289532863657155,2.145381673010398,1.0892070075124713,0.6950476874793312,123.99022244077855,3.4773473065749014,2.1507291479078248,1.1508760712072097,0.6839486617316008,123.98810045234426,3.4840184115041155,2.1481351103401494,1.0681761092639672,0.6606911983666139,124.09328628419154,3.4204292488129346,2.148160359741624,1.187368794898182,0.6652395322401409,124.06138471491575,3.4158751412190633,2.1434306875713887,1.145969305188456,0.01787393580989005,0.0016704127840272375,0.0010095381456531882,0.001719151031138809,-0.03243998570043949,0.003490415736321301,-0.026372658968291884,0.0035458776962180426,0.025179182566615443,0.001868676545561043,0.025804165337463658,0.001891229718312791,0.013187151581687925,-0.011493873573094168
8,2022preEE,ele,0.99,100.0,180.0,3673,2629,3.468039741341038,0.7257530894527107,123.44427716717803,3.904031934043015,2.5865188566230444,1.0,0.739424115786731,123.45524249167774,3.9156464587709183,2.599230313245954,1.0952740864543442,0.7401752459150474,123.46038411003428,3.9150677910481746,2.593748181925669,1.08357367142561,0.748740953701059,123.46281400334074,4.0109234496833714,2.587076495654621,1.1081342224827964,0.7399891347266685,123.46396534213667,4.040642349703458,2.593064331420045,1.0275146758050782,0.726574488560087,123.55496833503017,3.8545647934418894,2.60426371656834,1.147405028977686,0.7310623007867473,123.53189726208402,3.806463196670114,2.57931563081101,1.113296064403096,0.012600127200903088,0.001862266682295122,-0.00025144205970950573,0.0019161720943697033,-0.017377884967914814,0.003647459324900427,-0.012311875030397879,0.003674216177700705,0.018837021202802617,0.002514469747293227,0.01987198769379317,0.0024619905853670923,0.013956189155578613,-0.012121379375457764
8,2022preEE,mu,0.99,100.0,180.0,4294,3087,3.818434856610591,0.7189529571836727,124.2310928762742,2.93168574176128,1.5898190929177431,1.0,0.7326629706877553,124.258010657955,2.896597412120368,1.589357480255714,1.0878848659630023,0.7329618166636092,124.2571002649489,2.8899909823332597,1.587440677140485,1.0769416593706336,0.743592629084624,124.27730539916621,2.926122940326966,1.5887264140481037,1.0998423769826986,0.7324373699265325,124.27724294672554,2.921309988349776,1.591079141255129,1.0215315344431024,0.7229999721349999,124.32442941702337,2.95479512964232,1.5898190929177431,1.1390269760776779,0.7248851485636834,124.28947845708488,2.9228300252415633,1.5776842141726135,1.105895252838767,0.014917716377298218,0.001748893462926433,-0.0007155171322072995,0.0018166451621360088,-0.013188872563990373,0.0035550162853566474,-0.011019220805648766,0.0035172124571504117,0.019069416666409378,0.001950436036141377,0.019485084997511892,0.0019421799740719458,0.015500187873840332,-0.013230681419372559
8,2022preEE,all,0.99,100.0,180.0,7967,5716,7.286474597951629,0.7221735562238988,123.85660338734851,3.451480965339431,2.011085742114531,1.0,0.735876517282963,123.87461856329074,3.444775753985531,2.0135223847503667,1.0913844620709763,0.7363891988543201,123.87660300876188,3.4412047649937314,2.0111779482429597,1.0800826352831574,0.7460405603202254,123.88862831064175,3.5098140882170017,1.9989277895028934,1.1037694637808344,0.7360249447852371,123.8888027733035,3.5243535497625555,2.003745243447135,1.024365199813944,0.7246994247334805,123.95765364003057,3.4349631592175918,2.020531726821872,1.1429948914153818,0.7278209723335172,123.92781828240281,3.394816861604073,1.9979965189458042,1.1094003385750397,0.013812158424066245,0.0012659964078014336,-0.0004946488482581168,0.0013389508398837598,-0.015188815360967167,0.002574137737638804,-0.01163545925732401,0.002571972995210053,0.01897460927635497,0.0017198928627614914,0.01968452390413189,0.0016831320814700128,0.014766505961520463,-0.012703559968238175
8,2022postEE,ele,0.99,100.0,180.0,3410,2473,8.642713114926146,0.7004307794337148,123.51364966661126,4.130708733859373,2.6432590348696294,1.0,0.7120160060960752,123.53061453462644,4.109642233083791,2.638869972100757,1.09237195213311,0.7128999723304748,123.53044484127317,4.111233289318663,2.6308682055994694,1.078265708431342,0.7210518576281639,123.55505725951946,4.278640896798438,2.664389305340322,1.1175287971632872,0.7121108946808609,123.55653280220236,4.2900881196043725,2.664389305340322,1.0368271200454409,0.6982101472074961,123.58338848114282,4.078137178363981,2.6432590348696294,1.1612598697333363,0.7000185595183329,123.54400444980735,4.055164741298649,2.628664286354379,1.1176549250025474,0.012690517424785996,0.0022395933721590555,-0.0011068560530790306,0.0021968264352978826,-0.019389815355802864,0.0042891790997325995,-0.018069032560111387,0.0045759232490756524,0.016540145011512575,0.002030364292396291,0.017802177264170327,0.0020867129999784756,0.01580822467803955,-0.013525068759918213
8,2022postEE,mu,0.99,100.0,180.0,4075,2873,10.653191552716262,0.678965544390353,124.24741977722296,2.8150060270594013,1.615145362992834,1.0,0.6921901986689516,124.26839720990388,2.7773830030185733,1.6241318544016465,1.0937656707240928,0.6931045623132612,124.27314097120775,2.7844901506590363,1.6189815024242762,1.0810797398858578,0.7028157840928133,124.26786678390103,2.7591419065151572,1.615145362992834,1.1114663354958145,0.6939644171936437,124.27075394325911,2.7680298277539594,1.6186622234145176,1.0313817585581293,0.6768599636345274,124.31048742199225,2.8048669306709284,1.6272498486476223,1.164483238913493,0.6791729888083446,124.29259395021299,2.8089938724224086,1.6110361482210962,1.1202065092236289,0.015350673043759144,0.0020381890198632635,0.0012405846493241945,0.002178502990372235,-0.02214743153529697,0.004246958926568303,-0.020100247873739985,0.0038626643382569797,0.01947765153601888,0.0023636327788437135,0.02082435263427662,0.0023793257988253317,0.014697790145874023,-0.012558817863464355
8,2022postEE,all,0.99,100.0,180.0,7485,5346,19.295904667642407,0.6884149760431946,123.91876120082776,3.485766946448327,2.057889532647309,1.0,0.7009116921298478,123.9387002968134,3.4566772984004324,2.0575124959252022,1.0931521275440537,0.7018061909312457,123.94150730964932,3.460479034269925,2.0520916508515015,1.0798409461878302,0.7108681262420787,123.94860874802768,3.5395151929910806,2.0542216444105534,1.1141351540323474,0.7019764192402792,123.9508596260349,3.5496171546214144,2.056048277505198,1.0337789170842493,0.6862441660339088,123.98532769113972,3.452131657951184,2.054420771279517,1.163064246449714,0.6883379191881241,123.95788527264035,3.442904993056534,2.0388846571739734,1.1190832501186212,0.014204976495650223,0.001446170905531568,0.00024255743427903376,0.0014890732893581414,-0.02092635386259445,0.0028404419953718257,-0.019190870524026238,0.002816534520746598,0.018152882376964996,0.0015416191378748911,0.019452242258034325,0.0015503866449622073,0.015190762843831827,-0.012987780848252008
8,2023preBPix,ele,0.99,100.0,180.0,2519,1713,6.196520843224404,0.6879706267544444,123.82688197667028,3.7229442030654067,2.4896563228309105,1.0,0.7029426573340527,123.83737765214018,3.670881181084667,2.4688417236920586,1.091800423434442,0.7036005058213448,123.8494004837693,3.657873833612195,2.4487335124647416,1.081261427124588,0.7124015268085304,123.81681250733948,3.6953487734361126,2.4823436894400928,1.1133789461584938,0.7020206393455759,123.82856918417949,3.6766774777663755,2.457555139485976,1.0348038712089347,0.6859300526954774,123.93187701891645,3.6204254539882514,2.438261182634129,1.137681136260867,0.6944464872869086,123.92045308559764,3.615122635953426,2.4006612105810774,1.0934617526223267,0.0134561039592489,0.0024876558644612357,-0.0022454027003926402,0.002584195645108829,-0.02420198071788182,0.005593365873323359,-0.01301025007614276,0.005424970155656532,0.021762601479426547,0.003068989904638843,0.02271881743067361,0.0031431373776853047,0.016756176948547363,-0.014002978801727295
8,2023preBPix,mu,0.99,100.0,180.0,3019,2072,7.835032072203964,0.6944524031438801,124.34522763589005,2.674491399237063,1.5741894612887606,1.0,0.7084806252672972,124.35113596778888,2.6462889329024484,1.57929261332324,1.0958443461443488,0.7089670684921251,124.34631350008986,2.656202017227622,1.5784082519384697,1.0825891908585068,0.7187772087072508,124.35778422089302,2.6754132752128097,1.5760230711009413,1.1111253941043977,0.7089105388629416,124.35024959644642,2.6970164494976916,1.57929261332324,1.0318744381410057,0.6965194753957945,124.41352998425207,2.7237967429059227,1.5560170439931582,1.1461142657460581,0.700818135807633,124.38444576746213,2.6775911410060016,1.5437637814270815,1.09467755147956,0.014533331008267147,0.0023106991136980686,-7.973519743831314e-05,0.002375555940740012,-0.016882818590825854,0.0046833397660042565,-0.011494091963712427,0.004824522757296497,0.020200408350391497,0.002477438642644541,0.020900878566385783,0.0025717925498621656,0.015611410140991211,-0.013100028038024902
8,2023preBPix,all,0.99,100.0,180.0,5538,3785,14.031552915428367,0.691574967693332,124.11631928193172,3.1908055773995625,1.9025002965363313,1.0,0.7060272249816212,124.12452794060817,3.150049233457803,1.8993688771357284,1.094049139727829,0.7065863321784825,124.12680245650155,3.14804772531649,1.8970523940397968,1.0819997607072047,0.7159436822499536,124.11855117532971,3.1786032717490085,1.8914862987257877,1.1121258066735014,0.7058471041120322,124.11955388559919,3.1784041761455724,1.8927113163046556,1.0331748925308557,0.6918378422410235,124.20240732300769,3.1574644832846155,1.8740200490711203,1.1423705719988777,0.6979913368622073,124.17963961741637,3.1347512852858403,1.8569816062887838,1.0941378255584004,0.014045431843779932,0.0017564312067785924,-0.001046196385049214,0.0018417818670998,-0.02009750083074635,0.003740032241270028,-0.012164112048100306,0.0036807924370808875,0.020897600351980516,0.0017994548370538486,0.021706055288870818,0.0018135746902542473,0.016113738365481283,-0.01349624642148841
8,2023postBPix,ele,0.99,100.0,180.0,2440,1620,3.178245747226522,0.6806047515609018,123.88228500335822,3.714322804846412,2.5046547003153137,1.0,0.6938389718221406,123.86730575448914,3.736830892041332,2.4990433083743966,1.102786739451327,0.6950409768846119,123.87019483737028,3.7325260503708795,2.4990433083743966,1.0880944067197211,0.7044597943090587,123.8987418997608,3.811284294140528,2.4590554267601874,1.1195307616505135,0.6941517514024895,123.90317770769877,3.8197582779923054,2.4937391870836763,1.0425394344575376,0.6804906610831841,123.9086953360027,3.6823914277425462,2.478404700883047,1.150054802032026,0.6860940108200714,123.87408772853136,3.6733938513099686,2.48138704792553,1.0885407208800264,0.015307330545336839,0.002707907201984706,-0.00127938569335595,0.002703023228139805,-0.019238340999931935,0.005441144873350267,-0.012872573505872342,0.0053666426907954656,0.019444795574652396,0.0031717704002870335,0.021210879428334772,0.0032786401963906353,0.015219688415527344,-0.01250767707824707
8,2023postBPix,mu,0.99,100.0,180.0,2970,1989,4.211367204490719,0.6943540047390128,124.32760602182539,3.132112767792289,1.602281209313027,1.0,0.7100960100787256,124.34675418601108,3.096869005179321,1.6166479832465939,1.0946912365586656,0.7107629051741629,124.34528646318955,3.0834575090532166,1.6144103362240116,1.0790628037168661,0.7196674349514693,124.36526006371119,3.1322176624787867,1.6179746579657603,1.115034029899471,0.7100700797914564,124.36337439510024,3.1259644822953083,1.6213707500373644,1.0316806526556892,0.6907508152880032,124.43598288977923,2.932756405990595,1.601904888376943,1.1597741046838699,0.6941963833772804,124.38685695445318,2.939917814216385,1.5948163597247316,1.102594290513727,0.01347905739067956,0.002444208019320425,-0.0009747630013648978,0.0023547998585999644,-0.027243069269714204,0.004722787647889811,-0.023308084420673336,0.004638494893311617,0.022671440262852283,0.002518463610540315,0.023631894283259403,0.0025639098524089105,0.015044569969177246,-0.013093888759613037
8,2023postBPix,all,0.99,100.0,180.0,5410,3609,7.389612951717241,0.6883730055120731,124.13607506582791,3.4019304095074685,1.9399097377258343,1.0,0.702994657275211,124.1400504961283,3.395943272686472,1.94820769340906,1.098212823943483,0.7038915572678793,124.14025611184573,3.3870810609422444,1.9477493253989309,1.0829915996942432,0.7130369823700462,124.16430727117894,3.448939556793058,1.9429300097767737,1.1169901324439755,0.7031045301778298,124.16456543853903,3.4504240963814885,1.9490351899083151,1.0364042812572598,0.6863088029157197,124.20963523655466,3.28601491584427,1.9498762299435626,1.1555461556531823,0.6906973309455089,124.16689070753944,3.2845646714035257,1.9399097377258343,1.0964809119886503,0.014285066025620852,0.0017783713295705507,-0.0011181084386128193,0.001679645003863687,-0.02373539284660464,0.003781898546158161,-0.01874468614680247,0.003600556163610823,0.021240884877902877,0.0019472016753403682,0.022543812194178114,0.0020075893970976587,0.015120136102921981,-0.012840929969490688
8,2024,ele,0.99,100.0,180.0,3760,2462,37.81716930664339,0.63794557570174,123.33879046902904,4.129861814604042,2.8629682178723,1.0,0.6518258075471353,123.34118541763803,4.094534824880013,2.841284472290589,1.088359910214023,0.652291179566111,123.3426968751881,4.093799938257365,2.840605958533409,1.0731598778089437,0.6612562614227286,123.30570882013701,4.161040474896638,2.850194520035984,1.1137348788723174,0.6514230884930562,123.29125983705912,4.1844809992870315,2.8624661492915067,1.0339990053525225,0.6325837866665253,123.40229654480571,4.099403361405148,2.871376197036902,1.1793713682127718,0.6356400973137482,123.37633666494247,4.06589466502274,2.864817413963465,1.1290099550184995,0.014467751608487012,0.002660361892146341,-0.0013308336832521528,0.0026359658886961315,-0.029520188764877275,0.005386435717267758,-0.02552706946526362,0.0058144419018707596,0.021757705318556253,0.003114658439652927,0.02248719077421435,0.0031494060923993785,0.016819477081298828,-0.014082372188568115
8,2024,mu,0.99,100.0,180.0,4406,2902,46.94932547662784,0.641017382048682,124.40009117791868,2.9007798499561765,1.6645598748711166,1.0,0.6567181644616781,124.40502102072098,2.9453630041387497,1.6757130905303796,1.0757525064480469,0.6577570032478075,124.40523808215542,2.941417790143769,1.668554943781551,1.0621123043428116,0.6695134992048836,124.43118707214441,2.9957848124418454,1.6786458136730928,1.1065564431073653,0.6593180984234916,124.43441117571474,3.0102897279991545,1.6791773722173176,1.0276745694747818,0.6376595622507342,124.47559054565191,2.9103069627319305,1.6800672381258153,1.1712845660692959,0.6430948215522623,124.4248943962951,2.835567781198738,1.658327940380282,1.1226565837734757,0.019483753359698763,0.0023952508629575516,0.0023733615422958376,0.0022146482002727676,-0.029020976184763403,0.00382088087206769,-0.022291182949246813,0.003485195668269339,0.024493536139092997,0.002681393532014007,0.026114145525392596,0.002659343101874152,0.01451122760772705,-0.012251973152160645
8,2024,all,0.99,100.0,180.0,8166,5364,84.76649478327121,0.6396432994131893,123.92660942435609,3.5423141119757,2.143819570246812,1.0,0.6545156107360338,123.92804731237656,3.547150794674923,2.1432212718949444,1.0813920594135902,0.6552980367076113,123.92941509179789,3.5442451037366327,2.1399475119574305,1.0670541128911444,0.6658066610451909,123.92939060062768,3.606366967948006,2.145583631497473,1.1097675061824968,0.6557745179688571,123.9247260535497,3.6264792647162922,2.150217658084536,1.030503620703073,0.6353804255106656,123.99577877579578,3.53282798385773,2.1472742371441242,1.1749019602494584,0.6397497653313676,123.95741192034556,3.4781728459227295,2.126976768065404,1.1254985783911753,0.017251002304528473,0.0017342367076085814,0.0007271214539872339,0.0016111066680669168,-0.02923564375164367,0.00311814279405913,-0.023727022675609222,0.0031615851119253034,0.023250945232270004,0.0018434997158792961,0.02447416756930587,0.0018298212354360035,0.015537192879235403,-0.013065544590541836
9,2022preEE,ele,0.99,100.0,180.0,3647,2509,3.341775500541325,0.6946425331932032,123.46180084016618,4.009713678484728,2.5486690779837815,1.0,0.703616851816046,123.48773576854379,3.905747982251126,2.556353946349425,1.0840605432470758,0.7050254760085756,123.49229484387234,3.901540256654872,2.556353946349425,1.0685881887787667,0.711807805530194,123.50662216708483,3.9211780907625733,2.551134873534153,1.0762326049541464,0.7039726281905554,123.50712603876921,3.913839473307164,2.5531016679706724,1.0128192425525127,0.6916580634593956,123.57016417355948,3.870732846551393,2.5485785408857,1.1061120591274194,0.6981164497455198,123.5290053285887,3.887422288817385,2.5365222883131935,1.0520827361355498,0.011641213101998504,0.00243313921086834,-0.0014933471964456713,0.0023471412388467654,-0.016996165350196768,0.004464221034005679,-0.009799683129424586,0.00437138597328472,0.012919333605428296,0.002436232730315011,0.014947174005661479,0.0024176194764310415,0.01301717758178711,-0.011826753616333008
9,2022preEE,mu,0.99,100.0,180.0,4078,2841,3.599084548471647,0.6950688950670495,124.29967513356544,2.4427284227584414,1.5223241629848232,1.0,0.7065396006315351,124.31617278508662,2.4334071880347135,1.533661372082257,1.0761338382416232,0.7063129534481862,124.31901089248375,2.437319781708587,1.5348481009239094,1.060846730478828,0.7155925187758704,124.30913850236061,2.475778259909397,1.5368470080744743,1.0781527914769597,0.705686495560725,124.31002190574692,2.475923031722042,1.5400916828013607,1.016261140216117,0.7015168164860457,124.35811596281981,2.4157921123645782,1.5261289431406055,1.098372996493277,0.7008526390117331,124.3251080684869,2.4285745941989423,1.5298947179111195,1.0415095851788967,0.012813037140796402,0.0019530649353475447,-0.0008869409578330378,0.002039549408580817,-0.007108991684259158,0.003602085774814196,-0.007730729572204664,0.003789799728735336,0.01650297638967002,0.0022879795862498662,0.016176897658543687,0.002192635445892005,0.01434791088104248,-0.013105332851409912
9,2022preEE,all,0.99,100.0,180.0,7725,5350,6.940860049012971,0.6948635517820243,123.89626867291895,3.3181646472817614,1.9772534068571446,1.0,0.7051265981283654,123.91652255314936,3.255058140199159,1.9914582067857225,1.079951477071665,0.705690544517477,123.91972582528598,3.2548337372820777,1.9928122886580297,1.0645751512774657,0.7137714194376581,123.92405214792191,3.2752070928606396,1.992482988163971,1.0772279962908926,0.7048625188106776,123.9245006524634,3.271515986034196,1.9938138747852179,1.0146034625101135,0.6967513858630721,123.98002751039608,3.2217783570172718,1.9827587282995296,1.1021002634976507,0.6995279415759028,123.94046094905023,3.2416258254676884,1.9823701073678137,1.0466017983519929,0.0122599563429302,0.0014953355859131559,-0.0011733552521461244,0.0015432216852882606,-0.011877600827317925,0.0029239503975401968,-0.008732727098941018,0.0030643019153794495,0.014769872905293191,0.001663588450702407,0.015581465897421376,0.0016049053132828348,0.013704443430137592,-0.012487084159778594
9,2022postEE,ele,0.99,100.0,180.0,3471,2443,8.820084709643233,0.6839334327646798,123.55813981874407,4.075983286820891,2.5342693106762297,1.0,0.6936428355241858,123.58801875077002,4.0842628831903935,2.5377318953850008,1.0726596755121407,0.6936280172910334,123.59856490109814,4.1090091994406235,2.538164995431572,1.0573127572887593,0.6994951580142457,123.6002940615036,4.225832418045085,2.5377318953850008,1.0776615879605107,0.69065640701355,123.6096401262025,4.239930301734094,2.5378498446788456,1.0141604702517801,0.6837488236047187,123.68555660680828,3.8680551763778412,2.495653146451275,1.1214284275711277,0.6830257431626959,123.65371011327261,3.931418840129514,2.495653146451275,1.056323643551289,0.008437083453240346,0.0023940118957638938,-0.004284155488829655,0.002556751084294335,-0.014263842157311801,0.00448527846553074,-0.015285244920965946,0.004478193014211238,0.01419641487660206,0.002534596827133602,0.014174748684480765,0.002587967346805198,0.015156149864196777,-0.0137864351272583
9,2022postEE,mu,0.99,100.0,180.0,4057,2846,10.732072697961712,0.6804869116937039,124.28949841474883,3.267139794801812,1.55361301867557,1.0,0.6916057582714134,124.28878748353358,3.221713112657715,1.5554417699762197,1.0735415638131915,0.692373190672419,124.29451672779368,3.2411111269978767,1.555423029441343,1.0573189425688967,0.7008205052718782,124.28157407680449,3.181516625863269,1.5546063889576516,1.0724054305371493,0.6925429799581072,124.28440942997405,3.1956214440400474,1.5556715432880068,1.0098500769749181,0.683145159974533,124.40395662022745,3.467429756653332,1.5654469800851487,1.1235964289486853,0.6838808896702113,124.36853023620812,3.38045888143531,1.5544453108325413,1.0588115658449182,0.013323699073148232,0.0020814312313496884,0.0002452279897251497,0.0020837726315747493,-0.0122332675743283,0.003186957115322426,-0.012265496579900947,0.003204768940055992,0.016339545091374585,0.0025401495127441603,0.01746731461613371,0.00277803141135378,0.014778614044189453,-0.01363062858581543
9,2022postEE,all,0.99,100.0,180.0,7527,5289,19.552157407604945,0.6821084837107654,123.95957856828838,3.6723231850360185,1.957416025544596,1.0,0.6925891363697283,123.97317569323181,3.6522844641125523,1.957416025544596,1.0731523230012654,0.6930050946197895,123.98112853889316,3.6738584335764846,1.957416025544596,1.057323573198774,0.7003008114170203,123.97459168188283,3.7044014870406725,1.945682536656193,1.0747621273728198,0.6917719089000312,123.9806054350396,3.7176294606498637,1.9458948315342113,1.0117782214485018,0.6834842350178055,124.08096723961097,3.67042851185625,1.9602485688724158,1.1226268575116818,0.6835686693502662,124.0476023552403,3.6554869039720863,1.9476691085893663,1.0576913042362242,0.011134559643417807,0.0014969772427703132,-0.0017794756912068443,0.001566874631300168,-0.013146179854403917,0.0027790580583443598,-0.013616675177114734,0.002649083384184627,0.0153650818150608,0.001905865498161153,0.015974894271575613,0.00198027566502082,0.01494807000195146,-0.013700561941292206
9,2023preBPix,ele,0.99,100.0,180.0,2483,1672,6.197983069738064,0.6819750756180307,123.89169879389199,3.84125337672531,2.4775609311955193,1.0,0.6941012116848634,123.96182770244236,3.8590250128237438,2.456606862867794,1.076655857134028,0.6942228910712904,123.96286211213614,3.8458588732995063,2.456606862867794,1.0602700668950276,0.7032878731100356,123.98586278665272,3.997459453380776,2.4415486515063307,1.0785919854734385,0.6944684730806423,123.97625981561467,3.989742575995389,2.4415486515063307,1.0125818943423572,0.6865870525659031,124.00466281861654,3.717423717758234,2.421884492958341,1.1284999086578396,0.6849664410995432,123.96274878405175,3.7377643277848507,2.4415486515063307,1.0518305360812452,0.013235334084596317,0.0027298764754194794,0.00035375095305911763,0.0026768843044754557,-0.010825739809213641,0.005216584593042736,-0.013333541850605313,0.005007640555701678,0.01778090798383425,0.0032427461767570603,0.017959330027069287,0.003263440915763651,0.013180971145629883,-0.011578798294067383
9,2023preBPix,mu,0.99,100.0,180.0,3054,2015,7.677777937891076,0.6719316756118723,124.13452377659151,2.9661270036419727,1.5959328105944692,1.0,0.6836092109692499,124.16286451940925,2.918399848089273,1.5959328105944692,1.079179773053833,0.6835538632464045,124.16661433523365,2.918177588209946,1.5953194481643322,1.064233332847546,0.6874906464009386,124.17021110242213,2.9649081414761076,1.5972831436841517,1.0803019556836624,0.6780927811103923,124.1756588840039,2.9630280480446505,1.6004443256407441,1.0217415091266582,0.6689487147221457,124.2201093752087,2.8973865538682335,1.591357781134846,1.1273070416205844,0.6681303075669903,124.19595112559071,2.866939872115438,1.5674443399696543,1.0577095318436707,0.005677857128615127,0.00281021565171983,-0.007989249172078328,0.0030488191167161506,-0.021445726610848204,0.004816471565146928,-0.0225637751590827,0.004700223241452734,0.017379051741747142,0.0028693054637687287,0.01729668068401291,0.0029470139943083506,0.014687061309814453,-0.013179540634155273
9,2023preBPix,all,0.99,100.0,180.0,5537,3687,13.87576100762914,0.6763810326014656,124.02605944581687,3.387252517793005,2.0238886595043724,1.0,0.6882512428192991,124.07316271028964,3.3721730343089704,2.015192924191112,1.0780616454344965,0.688270561318004,124.07575797797564,3.3651273533091355,2.0141614781969324,1.0624775544202563,0.6944828492090538,124.0875799245017,3.4671948499489558,2.001920185221614,1.0795444166130097,0.685311057383138,124.08659087174493,3.4609258476783267,2.001940712803332,1.0176836804991491,0.6767673313359865,124.12322181016384,3.2932833870308773,2.012293203562649,1.127835497251806,0.675565786078804,124.09152693545691,3.2875882192578234,2.001920185221614,1.055105060163632,0.00905426100536788,0.001857335434088133,-0.004299913582238246,0.0020354684321449213,-0.016685638570401617,0.003474219060684812,-0.018458983942115648,0.0033534137903796263,0.01754959060897776,0.0020787341043062187,0.0175781521708398,0.002110681970603692,0.014009654751601486,-0.012459561588430743
9,2023postBPix,ele,0.99,100.0,180.0,2366,1551,3.01908816241151,0.6716993533944333,123.77452297195794,4.095366091873097,2.786137754269994,1.0,0.6817695443560017,123.78700825616124,3.9987845240256523,2.7812498193127624,1.0884954858469778,0.6820778517586377,123.7954481424141,3.9924898921857785,2.777373426608932,1.0720005146535905,0.6904420591435145,123.79190173593828,4.048502754218281,2.7800786578424592,1.0988549082748276,0.681992450529639,123.7962679058149,4.050378751098352,2.7731493882869955,1.033988929636794,0.6646577002626753,123.87599775329691,3.972735992102105,2.788168109290723,1.1217996927391356,0.6650633121453425,123.87480290130074,3.8872244823636066,2.7812498193127624,1.04479990596889,0.012720595778012989,0.003375325595794093,-0.0001252074507015477,0.0033739979059111084,-0.025099161784192248,0.005893863365758974,-0.024945157754977187,0.005862212495683473,0.014992110548683213,0.003354584378565301,0.015451106677052184,0.0033350227752739748,0.01455533504486084,-0.012868821620941162
9,2023postBPix,mu,0.99,100.0,180.0,3031,1945,3.976510437564976,0.6593894726183109,124.36117457276738,3.1242930396834327,1.5553872987237582,1.0,0.6731370448170665,124.37470668117969,3.1456480502740103,1.5638388582677365,1.0774112804297775,0.674212665365749,124.3753366424739,3.1555491109314597,1.559933174651725,1.0613653252516029,0.6823436576672469,124.37090634749416,3.2000048112431987,1.5657021145253367,1.0822470886933493,0.6743278505225586,124.36608212928314,3.185088730628227,1.5609218110238743,1.0194703910257108,0.664258931686503,124.42509307940392,3.140290095297072,1.5449236971244105,1.118539747416412,0.6661546121533403,124.375640057817,3.1844915636841082,1.53711080432047,1.048918710017678,0.013677174538332615,0.0026415604538187767,0.00017084395284561182,0.0027565993818740968,-0.013189161403197258,0.004956902862064268,-0.011951797446636991,0.0048718513152004855,0.020848940981976094,0.0027155476871886753,0.022480178048002397,0.0027903943865352065,0.013905048370361328,-0.012217164039611816
9,2023postBPix,all,0.99,100.0,180.0,5397,3496,6.995598599976486,0.6646462597954987,124.10799353641269,3.5876581688603286,2.032458036943922,1.0,0.6768450849373403,124.12042755828159,3.5520528362330093,2.034446488186312,1.0821446576221447,0.677590600183515,124.1246372296375,3.5533627131566683,2.0251665094990017,1.0659069555315464,0.6858321923724715,124.11981303849241,3.6041015859492025,2.0357700789333677,1.0893392591704436,0.6776274720423434,124.11919611962067,3.596825330582354,2.0251665094990017,1.0256703590831016,0.6644295050407127,124.19013675486151,3.531132883366789,1.9896992023832354,1.1199318680293158,0.6656896358077943,124.16244632285185,3.5096599227104104,1.9918050021325513,1.0471598240704627,0.013277938534433265,0.0020167234303934407,5.441613094747666e-05,0.002073413800477004,-0.018343311007092522,0.004051002875105471,-0.01756365034062979,0.0040234839629361,0.0183538611134213,0.0020154442190523873,0.019475533334076145,0.002085873726196387,0.01418076881585799,-0.012493465747275887
9,2024,ele,0.99,100.0,180.0,3613,2321,35.499944482229346,0.6291680069585811,123.36007125750793,4.576377177772366,2.749088184109901,1.0,0.6427559098951906,123.39226500521313,4.494792664355678,2.7234077378219297,1.063834432347719,0.6430334623149588,123.39594825203504,4.492328677611481,2.7327474496415434,1.0470181563826046,0.6506172035312119,123.43782173372747,4.548321065238057,2.721015194866311,1.074114378424991,0.643129342426259,123.44337056346417,4.519754566676088,2.725922086921578,1.011819064892497,0.6266517329110638,123.5249682473903,4.490965807550901,2.7234077378219297,1.132783807818765,0.6266642668956849,123.46788895807933,4.4854244880023355,2.7363382267612266,1.0568036362696036,0.01223060498549633,0.0025442047606202304,0.00014910594381034592,0.002523656843731187,-0.025054887456037234,0.004421648978104723,-0.02545621087951455,0.004531835450003468,0.02159662091258241,0.002962125807836964,0.02203776289166992,0.003037338618590284,0.016076207160949707,-0.01443248987197876
9,2024,mu,0.99,100.0,180.0,4476,2821,45.24305952858711,0.6098702050383382,124.28675045135047,2.9085355023445176,1.7112503596457387,1.0,0.622815572803076,124.30154283520659,2.8695497506167795,1.7288794502082467,1.0640526432150836,0.6229687310772155,124.29965429957774,2.879528026843293,1.726634413162408,1.0482770311301983,0.6298029642520149,124.31164722155572,2.8863422916885617,1.730719149486582,1.0734736117000876,0.6204730630252799,124.30526717025737,2.882818508336608,1.7329159838853698,1.0148715973501075,0.6076864318118272,124.3561659036688,2.9286078665715034,1.7148561880049726,1.1372312177062294,0.6096908877568561,124.32089393514308,2.8907766651830356,1.6939450369380822,1.0727235915818638,0.011219037792345343,0.0024452637507644337,-0.0040060887929642686,0.002579843826428406,-0.02429152649982358,0.004852946198060373,-0.0213138198724675,0.004377096717216919,0.021226430899217386,0.002723415899264526,0.021477563472794836,0.0028678563227166657,0.01616346836090088,-0.014442741870880127
9,2024,all,0.99,100.0,180.0,8089,5142,80.74300401081646,0.6182069763035549,123.87932122157049,3.7629471331212385,2.1100950708909707,1.0,0.6314289197848255,123.90172914695384,3.701454231806153,2.118788703389093,1.0639583747540264,0.6316309050104085,123.90247103263121,3.703820399859018,2.120098217357288,1.047733189356631,0.6387978937816269,123.9270341877374,3.7360027021056466,2.1100950708909707,1.073750426937489,0.6302439744845022,123.92595980199073,3.7183912707140583,2.1111277169909854,1.0135528842145942,0.6158613306658917,123.99160485503182,3.7190179579748337,2.1032880675102703,1.1353099087868148,0.6169612853934339,123.94977045178645,3.6949972273945084,2.092845243781106,1.065846071202117,0.011670314370954893,0.0016825599625001496,-0.0021957926930181726,0.001692923911526777,-0.024654539301492417,0.003374529699244557,-0.023224987093899307,0.0032860145748547054,0.021387567575391175,0.0019260989502315425,0.021714295084664492,0.002022245729284739,0.016124774933263943,-0.014438195921731525
10,2022preEE,ele,0.99,100.0,180.0,3569,2428,3.234319200924495,0.6851480546247427,123.39282950129412,3.815918662208426,2.477381056236112,1.0,0.6933586096761032,123.42112328948888,3.735021004021593,2.459523262704707,1.0708194941065654,0.6935849624146859,123.42763376402938,3.725189029765127,2.4572444369788045,1.056634499809255,0.6991058481286965,123.42585510656542,3.793599210909171,2.434223849959494,1.0611923234034524,0.6893940073107442,123.41574435713802,3.799515010823322,2.4370178014545587,1.00532567030605,0.6845663714250216,123.50743921974998,3.712366754387848,2.4262552303594163,1.090798397654964,0.6857103955431816,123.49937723678985,3.690711237734226,2.4173379954027823,1.02583806194889,0.008288984044314551,0.0025065043576934006,-0.0060424538175555265,0.0024388343297409793,-0.012680650572996832,0.004245766480922783,-0.011353427911829805,0.0038402363910820287,0.011983621636140196,0.0024191727262362454,0.012313992184600275,0.0024519746334979555,0.014278173446655273,-0.012554049491882324
10,2022preEE,mu,0.99,100.0,180.0,4144,2826,3.5283704942591987,0.6831552282106919,124.25124673707072,3.0588867214217514,1.5149259269768933,1.0,0.6937873865308848,124.27006801011301,3.099561055063606,1.5397530753911255,1.0623417159986521,0.6950877835098926,124.27222897719048,3.1071338613535593,1.5372460381426407,1.0483772988648736,0.6971843772463411,124.2634486424281,3.184653395249202,1.5348050812900524,1.0478264378205604,0.6871870117059837,124.26021641562936,3.180449274155652,1.540147949153642,0.9927075717271864,0.6846026354256297,124.35165748073204,2.968427627849379,1.5273475283783142,1.0734589910176358,0.6879760768892212,124.33828785417894,2.9816661606705854,1.5040657487401603,1.0139405787072548,0.004896299329456122,0.002100738803202934,-0.011366581302887258,0.0021516179569845573,-0.013238567439487703,0.0035331194203801395,-0.010231379099716498,0.003663404725580559,0.015563312525676665,0.0026559362303504963,0.01746682863052129,0.0027536072825934247,0.0138472318649292,-0.01208430528640747
10,2022preEE,all,0.99,100.0,180.0,7712,5253,6.760917571240161,0.6840502284655781,123.84099363022351,3.4687981667872996,1.9223646943238037,1.0,0.6935211626490624,123.86344159808448,3.44558859369712,1.9266431192190154,1.0663703732991896,0.6943062056496451,123.86803901233017,3.44351827784992,1.9238508241692713,1.0522990709606377,0.6980461088493882,123.86057955159045,3.5165315811484343,1.9157845745994138,1.054181911549595,0.6881839322761991,123.8539526208796,3.518114294163425,1.9190714840571417,0.9987073347573134,0.68453013768011,123.94546225673842,3.374198144534236,1.9094411974953616,1.0817443261670507,0.6868466076483104,123.9361600627031,3.367039216355686,1.8813927522609362,1.019671516879165,0.006524597148617417,0.0014630991798525743,-0.008817828968873287,0.0014953356904507135,-0.012964312342840678,0.002638975079925365,-0.010743959856091001,0.0027368518180826947,0.013845378291487354,0.001905913372853569,0.01499301770145256,0.0018934746578252854,0.014055045576437209,-0.012310830854926784
10,2022postEE,ele,0.99,100.0,180.0,3443,2345,8.442886886114014,0.6664701828983197,123.57133508633474,4.068195502706179,2.569917729330797,1.0,0.6734687816111492,123.57592668834135,4.004362685137484,2.5561021954445167,1.0608736209556926,0.6738270502031529,123.58554026097295,3.991707884073262,2.5462564126109584,1.04633022707388,0.6792227758036501,123.56899357695535,4.074133347699415,2.5561021954445167,1.051161647679561,0.6696013981294673,123.55977922645441,4.063850143431673,2.5598989974950612,0.9969794279821264,0.6636049674564417,123.68747827871266,4.036484132911906,2.5680176036579425,1.0958087397059897,0.6667932362456366,123.69335270208634,3.972250327519044,2.551565800971865,1.0286973701973492,0.008543817248270358,0.002416750368660446,-0.0062711226455092195,0.0023306039688988384,-0.01464628268456658,0.00411264170516054,-0.010438604320493927,0.004204317794089488,0.010500992981252733,0.0025444647585132416,0.011038554302369441,0.002521814599464224,0.014755606651306152,-0.013063490390777588
10,2022postEE,mu,0.99,100.0,180.0,3960,2697,10.11042447056375,0.6606833370318693,124.25272281655862,3.0630037455207497,1.5332083145164788,1.0,0.6688481970961858,124.25100189365588,3.092034967872521,1.546354998552907,1.0563421607099965,0.6697686315923159,124.25420365595889,3.0831959332879837,1.5413644335932943,1.0419231174870593,0.6734122497558378,124.24694157418922,3.106385596601421,1.5394044222971957,1.0427869513225416,0.6631145764375187,124.23858334557443,3.1318987837546475,1.5413644335932943,0.989501244704799,0.6627894529711047,124.31106670999046,3.0818768639361536,1.5583694170171043,1.0867738104132694,0.6660064376869822,124.29255278879693,3.0833458750918195,1.5382484063526363,1.0212241643644244,0.0068237496631775585,0.0020725888350985413,-0.009934856368202571,0.0022347882344915053,-0.00905847418201211,0.004077155591380156,-0.005617154533483326,0.004159606748457,0.012358204917044313,0.0021852188679525554,0.013751360222375775,0.0022548065840360385,0.013317584991455078,-0.01300877332687378
10,2022postEE,all,0.99,100.0,180.0,7403,5042,18.55331135667776,0.6633041949193859,123.94264989096223,3.571988887445684,1.9573921228175237,1.0,0.6709457579553997,123.94339230650148,3.5530008062038227,1.9640124041495994,1.0583944554489588,0.6716109314940122,123.9496654940715,3.5418087699717837,1.962919549466335,1.0439190939115799,0.6760553531367893,123.93711043470101,3.597143075825815,1.959552419962634,1.0465798446377241,0.6660645587075699,123.92824750082049,3.6040296848751074,1.9647336903633388,0.9928881079596693,0.663160472441663,124.02717411308564,3.5620188027839657,1.9635144048514164,1.0908657226995915,0.6663642000682354,124.01991722069346,3.5284127599953305,1.956081618238649,1.0246087733386862,0.0076155115682678964,0.0015606961411546428,-0.008258312255436828,0.0016292430315977822,-0.011603449938279775,0.002799120597328903,-0.007812159063738555,0.0028368922844456876,0.011520450337182853,0.0017147066447721429,0.012523268567049994,0.001743291657971867,0.01397020439583736,-0.01303360564939815
10,2023preBPix,ele,0.99,100.0,180.0,2427,1520,5.810707199526153,0.6474938341852092,123.75564140317972,3.8205061829185154,2.4566175722587857,1.0,0.6591785519266834,123.78919675196111,3.7310881485442273,2.448901247853435,1.071879385248388,0.6609188433387588,123.79823598978331,3.7225824882382605,2.4467213613037373,1.0583235629112153,0.6626329574741479,123.78726867539831,3.765145726472141,2.4541788594510194,1.0615474407268701,0.6554824993499971,123.79421998789756,3.7512018693348406,2.448901247853435,1.0062875561037448,0.6464465296946337,123.84133643231813,3.7342335796728268,2.4691321815227525,1.0929123552513382,0.6518623917322154,123.8371587664813,3.672327796916014,2.4541788594510194,1.0180499342055227,0.005240470184243229,0.003511732931241219,-0.008225433490894218,0.0035921660240340095,-0.01931498255644981,0.0062057390787368365,-0.013702819488082718,0.006185288478841163,0.01804606796940078,0.002787326660836954,0.02073380230785249,0.003009271162369249,0.015563368797302246,-0.014726996421813965
10,2023preBPix,mu,0.99,100.0,180.0,3031,1939,7.348090260147722,0.6433153387915507,124.41845360373559,2.9717792021245995,1.5859604655410706,1.0,0.6518005899825189,124.42494784602424,3.002494167795501,1.5859604655410706,1.0687474597732678,0.652374217172621,124.42713427088414,3.0053800802560695,1.5814941256989314,1.0532449552833483,0.656238298939523,124.45401134815569,3.063021824519555,1.573324703638427,1.0543943441760888,0.6468330458561691,124.44347269425116,3.081446424289688,1.5791752212013606,1.001315530979895,0.6467444070517172,124.48004631174948,2.968898426562046,1.5669857003659047,1.0992849247887817,0.647886728232109,124.44588442778743,2.9408873711316157,1.553112581930364,1.0237361492571664,0.006808384381982835,0.0026555893140672183,-0.008493853942400209,0.00267575255355669,-0.007757254302174332,0.00494662968488416,-0.00687870369856225,0.005170472663278772,0.013189878554594303,0.00292826283298144,0.014081551977428663,0.0029495368309052704,0.012665748596191406,-0.012184619903564453
10,2023preBPix,all,0.99,100.0,180.0,5457,3459,13.158797459673874,0.6453447487421057,124.12576670453325,3.3890176908945495,1.9476642567532352,1.0,0.655223199151652,124.14300182260261,3.3601314357850365,1.9455489091934624,1.0701626665737862,0.6563074373416071,124.14766210444274,3.3577155924504876,1.9407685995137598,1.055528716348695,0.6592023993617089,124.15794637193811,3.4089155840217793,1.9459467658499818,1.0576301214069324,0.6507903687847875,124.15488904719716,3.4107848009027246,1.9423239141939916,1.0035824778180225,0.6469460258344203,124.2000089887623,3.341267757184368,1.9184341942370366,1.0962422701354977,0.649883622703193,124.17797053135085,3.2968281219816626,1.9133951500539013,1.021138652874822,0.006073045361044915,0.0021174250757636306,-0.008406225867509165,0.002139248036201624,-0.012632601116609576,0.0039699221681198955,-0.009787813260861422,0.0040327694299694666,0.015307245358083588,0.001998777169522469,0.016987336800787123,0.0021145193556214403,0.013939010730311984,-0.013301782101054458
10,2023postBPix,ele,0.99,100.0,180.0,2384,1499,2.984953847086295,0.6509252539370041,123.79855730956703,3.728131469043773,2.659023873987792,1.0,0.6606104687242369,123.83314464030894,3.67215505979372,2.6583073770021315,1.0763899108093402,0.6619694580030161,123.83980399914043,3.6633205202034174,2.6458514958944193,1.0613382228655275,0.6679620753666291,123.8380525132757,3.722079003388405,2.653795865473235,1.065263580868355,0.6581543213706255,123.83987080878626,3.6977421187049195,2.645134998908759,1.0115205557437963,0.6565508516439064,123.93552546206448,3.6115714413827704,2.671385323801452,1.1052059913515688,0.659926791368921,123.92463470007092,3.6192277361170797,2.6649877911128,1.0263888423193146,0.011128504603612477,0.0032176739262786682,-0.005763312168358792,0.003205366447556424,-0.006145250904319499,0.005948140343165565,-0.003085741508765838,0.006267606862856238,0.014879150453379397,0.0032939783559715525,0.016966931301579002,0.0032514754558548033,0.015700936317443848,-0.014571189880371094
10,2023postBPix,mu,0.99,100.0,180.0,3041,1933,4.048436306343862,0.6532072206602701,124.36467311446498,2.9920348429001904,1.5173814518182382,1.0,0.6615568435789458,124.37704051547159,3.022385029326021,1.5117114700788576,1.0708783769363153,0.6625362268022861,124.37984279489106,3.008713982065251,1.5128899351339982,1.0549516018075749,0.6679094674056254,124.36683474486466,3.03080544678339,1.5051703474292708,1.0554260257387085,0.6580630574921548,124.36144414893738,3.021558173866874,1.5096485073847816,1.0011245866077365,0.6521084094280366,124.50057547931709,3.111414362606224,1.5084001651180046,1.0999263881348258,0.6540666996521144,124.46415108911505,3.083995803255747,1.4993879880993148,1.0210544151966532,0.009602536635117565,0.002642941728303684,-0.006751584485758522,0.0026201706451702994,-0.014282119885260847,0.004231192338172041,-0.01278349289826708,0.004252311522255445,0.01278250248096735,0.0027859063432050806,0.014281847853099494,0.0028175311150945744,0.015072822570800781,-0.013972818851470947
10,2023postBPix,all,0.99,100.0,180.0,5424,3432,7.033390153430157,0.6522655125414208,124.12441492988205,3.336154452341265,1.9536743732040662,1.0,0.661179196099917,124.14525505797282,3.3257935214502026,1.9475155126119432,1.073227216494334,0.6623226518194997,124.14950586355361,3.3145954241156916,1.9410388782849424,1.0576689120119813,0.667955095097301,124.1407585801965,3.3541045085022256,1.9535656203076783,1.0596194009481457,0.6581266055758549,124.1383080037073,3.3376892503291935,1.9500462734413375,1.005552307901115,0.6540210031225182,124.25868610018395,3.3464197111090304,1.9626578139319335,1.1021893331616672,0.6565879330115009,124.23285503940643,3.3347319200902827,1.9396100722447827,1.0233340349461413,0.010248203569248382,0.002244329485115416,-0.006335350651404781,0.002245635286499386,-0.010826403824595099,0.0036710415334386772,-0.008658497172404855,0.0037283433085413984,0.013665728736394156,0.002058635727708933,0.015418781285696292,0.0020786668435465064,0.015338897045021647,-0.014226294050436903
10,2024,ele,0.99,100.0,180.0,3514,2181,33.865262374834394,0.613653424528427,123.4928821458246,4.13785830320459,2.805437075192799,1.0,0.6193466490490223,123.53913060627544,4.10226885721287,2.7768830970969915,1.0494443306208983,0.6204314240496613,123.54827001500415,4.09240179288409,2.776022983931412,1.0342620767687516,0.6252103694396808,123.54155769873591,4.131949883475775,2.758898859698988,1.0480535293003022,0.6165130448306337,123.53332774873421,4.115403949874098,2.7559801994441386,0.994385281172119,0.611455051832708,123.61791044877627,4.049990170877918,2.7385596568754877,1.0958002999056424,0.6160935274925627,123.62507468547479,4.00905865986847,2.717656759222635,1.0241163922462215,0.009467590402986836,0.0022939603250925473,-0.006315571821703836,0.002313747850248902,-0.012741809822385375,0.004954338620924182,-0.006991742179634275,0.004883131830196066,0.009277589422678423,0.002887588483259443,0.011045321757053639,0.002891662791972844,0.014781832695007324,-0.013484358787536621
10,2024,mu,0.99,100.0,180.0,4460,2791,44.99189750392766,0.6154830380418314,124.19624161924094,3.053270204765825,1.651894491143203,1.0,0.6207851468581682,124.1991410362806,3.075224319149679,1.6597925765799957,1.0525521734342322,0.6219135581690771,124.20600814599702,3.0765152821193698,1.6596359393951516,1.0372860707923255,0.6257918875703452,124.21403879001875,3.111768428513494,1.661790822789584,1.0460093892153346,0.617108949993806,124.20983939985399,3.131907343280789,1.6690087075091,0.9931132228744769,0.6116219374653562,124.26628785314107,3.1637982970371934,1.6461058600640541,1.106711802404165,0.6147879360261063,124.23909531387334,3.1497975646174803,1.6441099325210828,1.0351608791143418,0.008065174783121742,0.0023669368686507694,-0.007725524089579161,0.0023602865760122397,-0.014760677569667369,0.004601263433991166,-0.011457576457970742,0.0040439652910127044,0.008614549042985198,0.0027691648625938403,0.010447924199023628,0.0028541552263851543,0.013827800750732422,-0.01319575309753418
10,2024,all,0.99,100.0,180.0,7974,4972,78.85715987876206,0.6146959743482978,123.89418340223575,3.5767496954876306,2.111411887627469,1.0,0.6201673759087989,123.91607096677335,3.5672528280352704,2.106631642217714,1.0512152406745734,0.6212770337470649,123.92391724853259,3.5629151979561406,2.103008609897124,1.0359852081303584,0.6255414515944809,123.92458208560015,3.602057298372821,2.104585888743543,1.0468887380141856,0.61685241633403,123.91876534953472,3.603856515122541,2.1068946026385973,0.9936604372969747,0.6115505515981164,123.98898563898722,3.5842200995637485,2.0897256184667583,1.1020178889653056,0.6153461454670984,123.9762501455537,3.556225733788105,2.076573656251014,1.0304097584192227,0.008665524654222212,0.001584416967423473,-0.007121810678159202,0.0016812139108499185,-0.013894352791543163,0.0033860117248766365,-0.009546286049229802,0.0030819806805462585,0.00890098811254103,0.0020527996651371772,0.010706202209546545,0.002150860875754658,0.01423750496946375,-0.01331969335912965
15,2022preEE,ele,0.99,100.0,180.0,3564,2068,2.7684343724514653,0.5875694940371924,123.40405685628888,3.90911931185361,2.4090994166146373,1.0,0.5870739689893757,123.45405603560863,3.8289757531333963,2.397380066896851,1.0206614615760123,0.5870194384526072,123.45452507093533,3.8327384059682705,2.3946843796985817,0.9961909869200576,0.5893819219137642,123.44418679442603,3.884216163198002,2.3946843796985817,0.9957723327248132,0.577656753716052,123.43278594837308,3.907411339283225,2.401737237985195,0.9630679159980411,0.5725960196212526,123.54044482109181,3.8124583853748346,2.3780710746687888,0.9948234863780838,0.5694396473416949,123.51887748126154,3.798369597293072,2.3396186857823693,0.8647990977515783,0.003931281314280666,0.00257865809104228,-0.015949531009118556,0.0029795251966604486,-0.024661201369643893,0.0053379863934055255,-0.029947545105580953,0.0054555718060333306,-0.0008433471322888408,0.0031992246478185138,-0.0009361540892903752,0.003101959504774472,0.017688512802124023,-0.01566225290298462
15,2022preEE,mu,0.99,100.0,180.0,4016,2393,3.0031314384948122,0.604165061958683,124.26064608808278,2.612141426083574,1.5059087209461595,1.0,0.6051674584026444,124.27705355732218,2.584052148346299,1.5150939129365,1.0218762858663577,0.6047393498629355,124.28242705455473,2.5763532736681114,1.513495433120795,0.9991463919769434,0.6068164510947839,124.28468861673669,2.608626345563041,1.5041961759130231,0.9896279522631967,0.5960861439032334,124.2736694982328,2.6184904802898994,1.5132321609103272,0.9566838468143617,0.5877920107667782,124.3546010760085,2.622576013632075,1.5503985724165474,1.0046741958482546,0.5844781512618428,124.32949093547755,2.613722732130444,1.53175602415498,0.872278486116918,0.0027248535413519903,0.0020956453073611736,-0.014308984460269292,0.002420370953967856,-0.028711800997576975,0.004731563037667366,-0.03350401888960086,0.004179048967006866,0.0016591433485273477,0.0025728450699808144,0.0009505480214142548,0.0024442096963319566,0.014694929122924805,-0.012898027896881104
15,2022preEE,all,0.99,100.0,180.0,7580,4461,5.771565810946277,0.5960892765695597,123.84976780131484,3.3261709307085536,1.8864702155544464,1.0,0.5963681266577905,123.8830462394152,3.266272309252143,1.883446532428465,1.0212851244007943,0.5961295461091343,123.88631098184122,3.2651665234303024,1.8791121426379576,0.9977082238413154,0.5983054468904355,123.88050091535071,3.311208415756293,1.8718879067143561,0.9926179492426239,0.587087354438001,123.86967438488657,3.3277864221637965,1.8760608241868582,0.9597904818437024,0.5804346921580953,123.96574108818835,3.2711489788755737,1.890751282766466,0.9998806138516612,0.5771924180342879,123.9420464145818,3.2597777647207824,1.8730703599402858,0.8686388435589693,0.0032485308084828635,0.0016768031416849022,-0.015168165594459437,0.002067577689038575,-0.02671744814564536,0.003388473646184155,-0.03176680001594745,0.0032835620124741158,0.0004677992025550193,0.0018726750968077158,6.755622212550882e-05,0.00177837009230081,0.016135816529206804,-0.014228519182993997
15,2022postEE,ele,0.99,100.0,180.0,3352,1964,6.8999458192218635,0.5684602159118562,123.6054877382456,3.7272733223523242,2.4334298864457082,1.0,0.567099353036586,123.64571276304757,3.6372963876112157,2.4180149567904436,1.024327787336898,0.5669914455493368,123.65620745361737,3.6320298026594284,2.410356483061868,1.0004370266175096,0.5686849360240984,123.64586946346628,3.657928585347969,2.4054716961350877,1.0029121142280275,0.5587625799912422,123.65026960884175,3.6633006942037416,2.4053343423052027,0.9695445221669997,0.5515392671443012,123.73857691012519,3.5214436951302526,2.3469077669784753,1.0002827627182391,0.5464132056994125,123.71126155076475,3.51034271123145,2.3469077669784753,0.8702206666767562,0.002795952735657803,0.003321934880650443,-0.014513209366187052,0.003583533789477126,-0.027438024411360784,0.0052742630128799085,-0.03629373954661119,0.005273096118494677,-0.0023939456749622057,0.0036697018418130555,-0.002583769842474326,0.0036419257597862065,0.017086029052734375,-0.01521974802017212
15,2022postEE,mu,0.99,100.0,180.0,3994,2364,8.862970607611697,0.5732212960522451,124.30091959398106,2.7814923804381513,1.5148251853530752,1.0,0.5727321069830299,124.29990813465075,2.7834669673568633,1.5289708717817874,1.0142985307798298,0.5722414474146157,124.30011152393439,2.7828717360878565,1.527802767590913,0.9908457437331027,0.5706027742689709,124.29458894138476,2.832570340189501,1.5161648926925722,0.9962664286807825,0.560510550538761,124.28280416586988,2.840853443477817,1.5226342957601346,0.9632493640574084,0.5589780232329766,124.38946186556974,2.808087855223678,1.510621894083215,1.0065889782232613,0.5552424914076993,124.3857838302337,2.7807702881230374,1.5069349975956072,0.8755727436816977,-0.00371785113510692,0.0024488424740805067,-0.02049990773799215,0.0024368411163218275,-0.024014864161370997,0.005352773231400479,-0.029705915367923108,0.005007648951559893,-0.000853403515508333,0.003014487290768089,-0.0017093723565011487,0.00302381900578914,0.013311624526977539,-0.011724531650543213
15,2022postEE,all,0.99,100.0,180.0,7346,4328,15.762916426833561,0.5711274365007102,123.99650624840454,3.248131143805529,1.884637233566437,1.0,0.5702412342719213,124.01220886778673,3.203760885372738,1.885050068680755,1.0187092640625293,0.5699200990707216,124.01686501748824,3.2004255680166445,1.8841405269421756,0.9950638620354233,0.5697561919096376,124.00876615528219,3.2384320830949678,1.8841405269421756,0.9991891125569796,0.5597390099932988,124.00409539320606,3.2443941573661723,1.8874039951818204,0.966017890641192,0.5557180710972567,124.10636369928046,3.154891054861192,1.8610087859317517,1.0038155887444296,0.5513728220674643,124.09281567488804,3.1365560610143883,1.8497412822879298,0.8732189715907217,-0.0008505915271157516,0.0020382985193567443,-0.01786406391707096,0.002113587637013704,-0.02546845493067096,0.003812086175925414,-0.03254364433452939,0.0036118028426867814,-0.0015516716097875305,0.002512777133080528,-0.0021139545271821047,0.002476866547614113,0.014959814576753935,-0.013250807067745028
15,2023preBPix,ele,0.99,100.0,180.0,2419,1326,4.841245436019371,0.5536412353530156,123.6355197568904,3.8535724262180895,2.6309241458988097,1.0,0.5527715268051403,123.64298185986875,3.85216204150548,2.6544174697305962,1.0195492061274218,0.5527449673322375,123.64195533613257,3.8552050136103286,2.6544174697305962,0.9942934822498354,0.5520558537680568,123.6500071961781,3.888310832361146,2.6544174697305962,0.9992422809852186,0.5412681320701686,123.63902376343655,3.888646557975935,2.6544174697305962,0.9664155493524931,0.5396141616018248,123.77443061761657,3.885470443349344,2.6190042333397727,0.9972727521232864,0.5376301290630844,123.74393214805076,3.905058675793889,2.618239064394267,0.8555095410637746,-0.0012946995320469723,0.0035670480482923104,-0.020763346462403187,0.0037177581644597083,-0.023802537875568963,0.005555963273590368,-0.02734504909579416,0.00580848918122293,-0.0015708883160061582,0.0038634414980502165,-0.0016188606692320029,0.004005009474430146,0.01657390594482422,-0.01466357707977295
15,2023preBPix,mu,0.99,100.0,180.0,3016,1649,6.327872589120581,0.5625227044154144,124.21459284695992,3.221515399480024,1.495397436806627,1.0,0.5640246255112801,124.24147791888926,3.157405603593545,1.4900249817099294,1.0152789596415264,0.5641372517891419,124.2409634360124,3.1547218954170413,1.4864899747739386,0.9908911686828566,0.5645100450383853,124.25033660067086,3.1801852833616864,1.495397436806627,0.9861564416986032,0.5530574776720453,124.25326900466717,3.171230072231457,1.4949555019613427,0.9537791244339197,0.5501719387037421,124.27918767647567,3.1681149692403454,1.4900249817099294,1.0030176444852075,0.5473873625109881,124.27187132377804,3.108048312082309,1.4850924539668995,0.8644632121258409,0.0008606353431204194,0.003478440868735199,-0.019640210041009465,0.0038222155694032575,-0.02456042906811151,0.006219640460192536,-0.02969115977544845,0.006594813784420544,0.0026699741789559805,0.0035365999728957428,0.002870190591516275,0.0036674408085730775,0.015449881553649902,-0.013730406761169434
15,2023preBPix,all,0.99,100.0,180.0,5435,2975,11.169118025139952,0.5586382922990409,123.96359407086045,3.521197449872315,1.969374771079444,1.0,0.5590913285376319,123.9820663533861,3.4882654349892337,1.967845083843926,1.017146600802372,0.5591450946340675,123.9814795453117,3.488190936390195,1.9627136763895692,0.9923792094507095,0.5590226297172463,123.98912314384461,3.5185347206768864,1.9761761683495678,0.9918796832390194,0.5478630580980867,123.9858886046949,3.514851233964404,1.9761761683495678,0.9593058094582656,0.5455692918963643,124.06154152942679,3.504458724261984,1.9436354710190145,1.0005050500775565,0.5431449065845185,124.0446534869252,3.48338146845974,1.9404671755563285,0.8605472216387762,-0.00012287584671599738,0.00268603584457773,-0.020177296813029044,0.002897121290449605,-0.024185738449272742,0.004515233759152728,-0.028615449197529452,0.00498721289259404,0.0008109652432282122,0.0027552720700957352,0.0009072101608731398,0.002882713912041854,0.01594362225972802,-0.014140312609846866
15,2023postBPix,ele,0.99,100.0,180.0,2411,1353,2.617509711256833,0.5714568327795959,123.68832865431918,4.298839500065257,2.5375696622601893,1.0,0.5668027077779585,123.70080660257655,4.2667771294693315,2.5663104279657674,1.011307959618923,0.5667524846982424,123.70162144206775,4.265663011756058,2.5663104279657674,0.9860443295644001,0.5702955357276875,123.6696323048337,4.364323811575002,2.5547366679610164,0.9840037780292067,0.5589519185871747,123.66963453324973,4.372572677352267,2.550365866456332,0.9505547704296883,0.5510537352307056,123.7735574371078,4.2663779355223195,2.548591631753844,0.998098223683376,0.5488707332420943,123.75448604645277,4.230881561274062,2.528210613553725,0.8599640953655527,0.006162334621551135,0.003957578758458774,-0.01376362048985258,0.0037978475626060226,-0.027785633927180364,0.006931279617460704,-0.031551253746454844,0.007364671449035011,-0.008144315956464365,0.004440384717554696,-0.008232201999355482,0.004428281271545786,0.01741635799407959,-0.0156518816947937
15,2023postBPix,mu,0.99,100.0,180.0,2945,1620,3.332601905297154,0.5696747733778149,124.36682404669139,2.786516999124593,1.4504193735976756,1.0,0.5646066404686957,124.34762302096999,2.817055776304194,1.4496367208348317,1.017195923639603,0.5648674966381051,124.34913323970144,2.8090744975172757,1.4496367208348317,0.9914914398487581,0.5675240381711724,124.35489881927826,2.8608852545071493,1.4445999936607237,0.9840279287681579,0.5582638633449799,124.34856488780001,2.8709525987240583,1.4445999936607237,0.9499288517031476,0.5558107756472228,124.42024955623828,2.7361959264123965,1.4466226231728925,0.9967148250672786,0.5519217754609559,124.3882027590748,2.689635850143076,1.4357169695735763,0.8631610262896598,0.0051671331744431725,0.0028263584720017785,-0.011690588204185448,0.003056525924120697,-0.015578748443644153,0.005569074903054248,-0.022918155592590583,0.005938819288290819,-0.008896537368274782,0.00350753626392735,-0.008438633698321762,0.003469524036224258,0.015419483184814453,-0.01367497444152832
15,2023postBPix,all,0.99,100.0,180.0,5356,2973,5.950111616553988,0.5704573468342218,124.06834758221022,3.548504430453699,1.8970246673726479,1.0,0.565567882493588,124.06388645031824,3.541714656240201,1.9074592531022532,1.0146102834806625,0.5656927134055485,124.06513217130589,3.5375047573200655,1.9064530014083019,0.9890993961725488,0.5687410966848967,124.05315260502542,3.6171244007631684,1.90070537639334,0.9840173232141357,0.558566127512111,124.05010330419469,3.624572294696332,1.899301918055727,0.9502037176143339,0.5537201440131759,124.13740887660386,3.5037325907330428,1.8809663948758626,0.9973223306507094,0.5505847287194545,124.11135599860758,3.4630340303807396,1.8703010604392887,0.8617571262397109,0.005610669009912694,0.0024746562382628196,-0.012597980713830448,0.0024692944948264055,-0.02094839337088139,0.004359207215573206,-0.02670705195253764,0.004818364708980822,-0.00857113045833846,0.002546724431181785,-0.00835230443628232,0.0024993560154406283,0.016299750256416782,-0.014546439367915833
15,2024,ele,0.99,100.0,180.0,3522,1848,28.11837670670838,0.5089720614014053,123.63598386481505,3.9848288660736517,2.6854463350245155,1.0,0.5099653369201081,123.67836238421712,3.9637347711879998,2.6788614021867048,1.0115973666252083,0.510390087270778,123.68040788518951,3.9627009929049097,2.6845488890471927,0.9855556355586909,0.5093187067634287,123.68492664994264,3.966506742747077,2.6762740844536665,0.9974492621765348,0.4993456321708259,123.69067600785081,3.9651262130691394,2.6791377181253893,0.9670957848170102,0.4938297998595367,123.83986145012747,3.9367385116229645,2.6167168605086957,1.0258894073061107,0.4893445058139002,123.79566056428867,3.9417236983582282,2.6205256612310706,0.8814965689422157,-0.0012679884491457738,0.003505947254507013,-0.021639242954365256,0.0037215548928838695,-0.03164045846335495,0.005833631867097811,-0.04123430682091678,0.005787795941873005,0.0019515324985972526,0.0036263415427000333,0.002786058365302546,0.00368821061093237,0.015731334686279297,-0.013951718807220459
15,2024,mu,0.99,100.0,180.0,4373,2265,36.45729915015717,0.5004298948385438,124.22851400594917,3.0721388733063337,1.5264595771726448,1.0,0.49989849643091033,124.22549746273742,3.1376537688711608,1.5327812422581957,1.004833116086843,0.5005826954171331,124.22196348742933,3.1344083996083336,1.5308192492005048,0.9797472834984957,0.49605673423954094,124.22117933996962,3.122320719627143,1.52115260942292,0.9813621371472474,0.48591333427389344,124.20731782768553,3.138156336868642,1.5336780373954326,0.9512703597132213,0.4886717934993705,124.28786077466991,3.2289097320858904,1.5239084277269939,1.0038830420305052,0.48720384561179475,124.26068343363097,3.1908417895988754,1.5072249711820973,0.8726814389004016,-0.007685084509751805,0.003033410104257259,-0.029304571008024416,0.003304267317790096,-0.02245796499028163,0.005632323047535134,-0.026726552731092257,0.005245616170292788,-0.0010618838185215695,0.0033714141599795323,0.0003053386301763439,0.0034477081781502687,0.015027999877929688,-0.013278484344482422
15,2024,all,0.99,100.0,180.0,7895,4113,64.57567585686554,0.504113932634235,123.97050686165821,3.5112524076178273,1.9782993364449695,1.0,0.5042566642385875,123.98594847954719,3.5336908428469624,1.9809936819511265,1.007750380045521,0.5048266200709842,123.98503505928899,3.5310768773864076,1.9800328371531037,0.9822522906723747,0.5018292632205656,123.98428148583052,3.5303618386910327,1.9731164417529214,0.988300140076103,0.4917607914194288,123.97894015305654,3.5370192286372224,1.9831362649889286,0.9580954975498812,0.49092379541917947,124.09110501574708,3.56410916860124,1.9691605749923085,1.0133738756292778,0.48813234325769966,124.05848186728315,3.5444872192630643,1.955803290259702,0.8764831994969658,-0.004813820401733615,0.0024134008399997234,-0.025881813937858933,0.0026365973049663656,-0.02644063978716127,0.004124943186435006,-0.03306932746719493,0.003875725202041732,0.00028313362339882353,0.002269978344214778,0.0014137427883120779,0.0023618356404230263,0.015336299826119547,-0.013573590099974326
20,2022preEE,ele,0.985,100.0,180.0,3636,2206,2.9865798007496975,0.6148033894734185,123.40737663560208,3.9422050740622727,2.4085883704627378,1.0,0.6131691334251496,123.40464150166851,3.9061163203748195,2.4093837646236054,1.0066701817424548,0.6131472254172202,123.41038574393528,3.8974415401492957,2.4085883704627378,0.9987384191653982,0.6119349494080938,123.41229867202804,3.945384761977275,2.4081665106841825,0.9783597159594479,0.5999056071854632,123.40777175977433,3.9493617450816187,2.4158044836501347,0.9649368060318064,0.5881438523539775,123.48595451749418,3.943356039060841,2.381896824179144,1.0210932854406018,0.5832475434294628,123.435216405823,3.96562157742093,2.367445827526197,0.8559405784870123,-0.002012795409582435,0.0027070401257519652,-0.021596148009553007,0.002817338372222002,-0.04081301505080892,0.005162618218227405,-0.048764278379327175,0.005248526753074762,-0.0026581767053507344,0.0025965670494167816,-0.002693810874427327,0.0026600366153148327,0.0186464786529541,-0.016770124435424805
20,2022preEE,mu,0.985,100.0,180.0,4260,2548,3.3144311141074603,0.6043629731842309,124.25396098136905,2.6751685108268544,1.4545052526965705,1.0,0.6035964814863701,124.26761226394163,2.6561468601199714,1.467284707005831,1.002556441858358,0.6040253894797136,124.26710833196857,2.651362792241008,1.4663936183205166,0.9940099112236103,0.6054843733734169,124.28565213519946,2.650596827423375,1.455077821707178,0.971085933667019,0.5935160558036331,124.27730884423455,2.653201620793164,1.4609831568134766,0.9568400522771369,0.578671937218737,124.31952830801045,2.6242826634292,1.477151300741589,1.0193209588036154,0.5710283378053449,124.27721209125409,2.626870343381554,1.4672555667267275,0.8594169623641574,0.0031277383897232447,0.0023254554815047785,-0.017398827696850416,0.002402451590943287,-0.041293388931386565,0.004949780554886143,-0.05462858391232728,0.004683821035469285,-0.0012682638279812863,0.0027152246726222444,-0.0005585777413508186,0.0026998175733983897,0.01782214641571045,-0.015696287155151367
20,2022preEE,all,0.985,100.0,180.0,7896,4754,6.301010914857157,0.6092670031144156,123.85269335291017,3.362932774312546,1.8578793736143169,1.0,0.6081026735729471,123.85799628872003,3.33680397496879,1.8636339311914654,1.0044887310466253,0.6083208454598177,123.86047843923613,3.329551930447269,1.8612975046301372,0.9962309667667363,0.6085263045211815,123.87149339634112,3.3564626528660138,1.8509582310372537,0.9745025451391746,0.5965307440706974,123.86472687682779,3.3598571111048092,1.8616423114076923,0.9606432265616103,0.5831251455512009,123.92425175100045,3.341878713415892,1.8656516150963824,1.0201534488723156,0.5767555585088532,123.87812108408109,3.355657218461909,1.8615576824262874,0.8577840494505232,0.0006966437850788321,0.0018569405119271127,-0.019381386446174487,0.0018286979017188695,-0.04107452426576119,0.0037734069307365716,-0.0518892081153407,0.0035641332844434633,-0.0019110333162911664,0.0019463139427726623,-0.0015529441932049526,0.0019659784490889034,0.018212937590669564,-0.016205361183210906
20,2022postEE,ele,0.985,100.0,180.0,3531,2074,7.45966804002202,0.570373088479683,123.57426832030787,3.8977921702064466,2.6195267409211525,1.0,0.5640217506059415,123.56404757769168,3.871916729410704,2.617381601348768,1.0107445675963596,0.5642617813831597,123.56831342520323,3.8647623770583506,2.6158429373282317,1.0015531015123031,0.5650555902917773,123.58565160007355,3.9167305184262435,2.617381601348768,0.9843968098950948,0.5539063073694361,123.57139267515315,3.9234205292539777,2.6269080859241427,0.9691591943305807,0.5382513155577051,123.67988867960683,3.812718962527821,2.5813894204810524,1.0346821737294103,0.5315341863700671,123.62387172010314,3.8282896097842913,2.611404707002535,0.8697638871908748,0.0018329783997250715,0.0025517514793831496,-0.018352251304951994,0.0029721993000624215,-0.04569049867412134,0.005486802645778099,-0.058000729613245094,0.005612489770878899,-0.011135409439934962,0.0032004880844863125,-0.01071457826457567,0.0030802169173219512,0.01703345775604248,-0.01511770486831665
20,2022postEE,mu,0.985,100.0,180.0,4123,2452,9.236540480808191,0.5698674040739028,124.33517125201699,2.5735522518753426,1.4884861161629317,1.0,0.5628566895568216,124.33889622209976,2.566446423471757,1.499367849220171,0.9997905739276315,0.5633549544110853,124.33898298107408,2.564795318407934,1.499367849220171,0.9913668885546795,0.5635904960270527,124.36445329923272,2.5848452003342657,1.489205738617585,0.9669923496697482,0.5538705939632913,124.34921223856335,2.5867061152079955,1.503439908630476,0.9531750104551064,0.5418984309248621,124.40207096166132,2.558120812117197,1.501583732491234,1.0138861105475978,0.5339422477769178,124.35531165673602,2.535579002318415,1.4842681087866367,0.8547587741430108,0.0013037181290478372,0.0027526604052667426,-0.016835496650080328,0.00280868012239748,-0.03723551486695742,0.00589270779616827,-0.05220990141981563,0.005515258598776253,-0.01230236098250681,0.0032862658393341864,-0.011428008719679195,0.0032736132328910323,0.019436240196228027,-0.017435848712921143
20,2022postEE,all,0.985,100.0,180.0,7654,4526,16.69620852083021,0.5700932270141615,123.99520884233885,3.2550079065329607,1.9461970915181794,1.0,0.5633801089984346,123.9903885147203,3.242781565370225,1.9532402657529246,1.0046822870783105,0.5637622074294932,123.99257111294766,3.237609507548194,1.9516474671700905,0.9959157347004169,0.5642512267412754,124.01272729229706,3.2775624013464415,1.9417549348205583,0.9747646407208062,0.5538866893738393,123.99865008344747,3.280684201746138,1.9492629945714839,0.9603130502268247,0.5402514222016593,124.07714649969672,3.204559794166232,1.9326851307116115,1.0231729860767709,0.5328565160845232,124.02634298010615,3.203362757956055,1.9348231499833588,0.861459591310106,0.0015462344675061246,0.0017478555071601997,-0.017517169341098482,0.0019180463817897507,-0.04105343164829334,0.0041031428642547135,-0.05482043836511552,0.003976969862627282,-0.011775474076207826,0.002449230577015216,-0.011105235573182881,0.00237495867162638,0.018361465600772967,-0.016398933313872762
20,2023preBPix,ele,0.985,100.0,180.0,2453,1366,5.050101494986654,0.5620601708773516,123.67870184233529,4.037317831519718,2.5827621026590677,1.0,0.5597734400794809,123.71139263651187,3.973986805252515,2.5706021640379006,1.000307701410786,0.5608500242290962,123.71779441431993,3.9553086535259436,2.565371204341673,0.9889818417143827,0.5582009620690612,123.70987400554789,4.05483923069308,2.5694434706807243,0.9710705561004414,0.54837119179081,123.71199914047055,4.040069602734312,2.5694434706807243,0.9532031270763316,0.531953446319408,123.80804433523187,3.892205147221075,2.5554603258257487,1.013757444211523,0.5299825249227368,123.76462136153553,3.901932781811571,2.5554603258257487,0.8448175604196556,-0.0028091329417065936,0.00427008490376316,-0.022249856288120484,0.004617666801731373,-0.04969866693947256,0.007415363715779702,-0.055036993800236855,0.0075797067463738935,-0.004068480416075659,0.003309369761804029,-0.0021530553327883117,0.003229833147170193,0.017868995666503906,-0.01613563299179077
20,2023preBPix,mu,0.985,100.0,180.0,3214,1812,6.897644116374575,0.5683496513248255,124.32316366243468,2.596976490001052,1.5007632887257358,1.0,0.5635928036612987,124.31074185463748,2.5836835899624497,1.4969542645352831,0.9980916688095252,0.5647223292081479,124.31212196256564,2.581086302864452,1.4966713883811877,0.9878240443329861,0.5620970055589529,124.31660621962827,2.6113729798323733,1.4901999568066557,0.9689362285709593,0.5522874729619802,124.30699428008879,2.5999930173297776,1.490843764854631,0.9529894136145978,0.5330554100017898,124.34791376831424,2.600504520351793,1.4932329745253838,1.0278812119409284,0.5268144878247336,124.2980727731833,2.6120183260999705,1.4839690578509845,0.8552330250071707,-0.0026540404572743537,0.003284007893086402,-0.022019416628352273,0.003214893703635113,-0.05418343431840711,0.005525516417354991,-0.06712651408094417,0.005948989080391761,-0.008369579628382917,0.0034611662134136157,-0.0063822017102013184,0.003326185755564063,0.019060850143432617,-0.017043650150299072
20,2023preBPix,all,0.985,100.0,180.0,5666,3178,11.94774561136123,0.5657284499201367,124.05076100949816,3.2991879228524255,1.9264946687563196,1.0,0.5620375595478317,124.05644966569494,3.2605820502421947,1.9230128223479213,0.999003091511858,0.5631495926927176,124.06012399241608,3.2491356721321965,1.9210400573797415,0.9882787398242124,0.5605099896861148,124.05920720770072,3.3153279163129326,1.9154763101553343,0.9698119607772382,0.5506987143133201,124.05488510900386,3.3012222519727765,1.916450063658182,0.9530378492581677,0.5326379188246855,124.12034961959858,3.220062647388699,1.8839775534279823,1.0218798748235576,0.5282092121880084,124.07195805439201,3.2332160053079435,1.8779991433343355,0.8507929731752905,-0.0027179141958874053,0.002648340057453098,-0.02210936230968974,0.0026360264440786164,-0.052309032063264205,0.004520353652064297,-0.06204458097472931,0.004877732677261787,-0.0065241378135145744,0.002553184730038613,-0.00455847187424141,0.002524692738051985,0.018557144757317588,-0.016659901007866768
20,2023postBPix,ele,0.985,100.0,180.0,2457,1306,2.5168971563386013,0.5477645973983065,123.94938230130144,3.909454519824747,2.5228726822348833,1.0,0.5407975230638356,123.98398506273927,3.960206468058798,2.5058500453148653,0.9957167958132085,0.5415249085893755,123.98993421766657,3.957133435246064,2.504571384183805,0.9847387673297943,0.5399018331327909,124.00278072823133,4.102071321652025,2.5058500453148653,0.9651162903730581,0.530610197227181,123.98546333539645,4.0750387999629645,2.504571384183805,0.9486805245720935,0.5205049955191938,124.16884468795067,3.9642058950059327,2.4984077087392507,1.0205186361308116,0.5136810207168027,124.12459935173487,3.9912962845497177,2.4845289767428085,0.8530958407457606,-0.0016562389671649358,0.003966989385188148,-0.02015551120377168,0.003894452913301454,-0.037523336700353904,0.00811764652707582,-0.05141755703371753,0.007806162121176882,-0.012719103000745524,0.003767869318893906,-0.01139118672248507,0.003781131321854407,0.01833975315093994,-0.01639777421951294
20,2023postBPix,mu,0.985,100.0,180.0,3063,1708,3.5555651227968403,0.5807179273222077,124.39305639660502,3.1471673256209534,1.6039757776470012,1.0,0.5767164690143739,124.39626710095233,3.2458726708599923,1.6302496293304571,0.9940736888713355,0.5784246472410751,124.39638575850297,3.223702764483977,1.6275967444444603,0.9840811747778215,0.5732266427935757,124.42323434760075,3.341368689872777,1.6120116627584764,0.9613759647746055,0.5640749744191127,124.41074265321146,3.356735219858939,1.624883754304392,0.9436698138509703,0.5497826034679588,124.46403291665304,3.1386535951397336,1.5964260174814768,0.9976083819193049,0.5466578478428056,124.41782744908654,3.1287869002153936,1.5963588817236882,0.8348411622550729,-0.006051199173768063,0.003120217483795478,-0.024808197386481323,0.0034538860719083636,-0.046702091917794286,0.006104317156785417,-0.05491951207437018,0.005841380734528007,-0.0068905369019435225,0.003319532535439279,-0.003949043026288734,0.0031848661821066156,0.017557144165039062,-0.015672624111175537
20,2023postBPix,all,0.985,100.0,180.0,5519,3014,6.072462279135442,0.5665949964646755,124.20916360032572,3.4902691045150105,1.9808875469183533,1.0,0.5613056348582439,124.22580915141829,3.5644301559617104,1.9845958540123334,0.9947814964784434,0.562601933024597,124.22859434491224,3.5505608543341896,1.9822245163223116,0.9843662479884635,0.5589105201419422,124.2487200772897,3.6820981062571105,1.9714033617576945,0.9629832498934418,0.5496871633791092,124.234210236518,3.677973103706163,1.982890413246949,0.9458215331875797,0.5370704037742655,124.33978860467678,3.512896643020947,1.9583066292378533,1.0074338994802978,0.5323483652999454,124.29502040893162,3.518836512131265,1.9394884190403943,0.8426692711086535,-0.00426704199559047,0.0024387148443838686,-0.022955430629356233,0.00252314908370531,-0.0431765326747503,0.004801685016799602,-0.05377437571535837,0.004861521701744168,-0.00933534824598703,0.0025322430114832805,-0.007047473883450284,0.002497144584533991,0.017880552442924327,-0.015972287866602205
20,2024,ele,0.985,100.0,180.0,3721,2011,30.30299677475307,0.5179148470779465,123.63562628256797,3.9475036849693965,2.5715986777510267,1.0,0.511379514900406,123.64022161359884,3.8952278626231447,2.5715986777510267,0.9915481323080789,0.5113895722661275,123.64052558697513,3.903357624117913,2.5667054968350556,0.9817809188657772,0.5093051772409867,123.67155989433316,3.873028164144646,2.5417207254126737,0.9707628250118109,0.49781108702802773,123.66172187992467,3.9079230395752913,2.5504453021732942,0.957983882444395,0.4892783043192746,123.73398044795314,3.9266505334176918,2.580672319785215,1.0282522569985082,0.4828666968753936,123.70018536009856,3.904749068870508,2.5605257281594334,0.8651766722328801,-0.004056356578583942,0.0034959721378621596,-0.026552135543024935,0.0033375546565874775,-0.043218803133785566,0.005901611564393486,-0.055775238560966556,0.005566946656143967,-0.01261854572119836,0.0037203264771917153,-0.012599126765016289,0.0037784746703644016,0.018706321716308594,-0.01683717966079712
20,2024,mu,0.985,100.0,180.0,4574,2420,38.79058843746077,0.5153647534213422,124.28095019225754,2.9695504933082146,1.559458823280643,1.0,0.5087658862281663,124.3037384867826,2.9508479673257093,1.5703969157080948,0.9858452490244486,0.5096400338852682,124.29963909557758,2.9483875612301707,1.5691281850617216,0.975333489593548,0.5106283598885949,124.32999021221251,3.0022601645611933,1.5683685910926002,0.9623351550436242,0.49962969023213955,124.31303569866992,3.0293105508586295,1.580016183609871,0.9514169736544339,0.48519179407364804,124.38748496145445,2.946450466221657,1.5595144393064473,1.0218858627902077,0.48346023137698296,124.3462090238148,2.9008177044635186,1.5484739697697592,0.860357092508423,0.003660767576687096,0.0026727652552152137,-0.019641988438024227,0.0029607449399134352,-0.046335834993358804,0.005623505097866314,-0.05136920329571082,0.0057069787187034845,-0.01280426561841519,0.0029398416195881255,-0.011108092856698892,0.002963302059852952,0.018483877182006836,-0.016448795795440674
20,2024,all,0.985,100.0,180.0,8293,4431,69.09358521221384,0.5165790261553381,123.99792466544585,3.4478343647296725,1.9605383869380404,1.0,0.5099967344010988,124.01176045263989,3.4148226270236433,1.9682603406733463,0.988365967530025,0.5104915434406472,124.00974107222906,3.417298063864156,1.9656419272314452,0.9781807701679057,0.5101246465167175,124.04102374025287,3.4275002403940804,1.9501194522562812,0.9660587636975859,0.4989041391365332,124.02765635879736,3.4571369808373125,1.9620708870797117,0.9543324314630344,0.4870728811096544,124.09931596606846,3.4289355172152596,1.9515116503230416,1.024682403598702,0.4833040599849018,124.06296856375688,3.3930868945460344,1.9429681816085704,0.8624441991143309,0.0002508096758087053,0.002143773557619222,-0.022698523517189706,0.0022143435848701568,-0.04494901975865484,0.003887435092267615,-0.053257460980656535,0.0038712731097981816,-0.012742080922696908,0.002477101161896391,-0.011784223529161308,0.0025125115076991954,0.018581869352047458,-0.016619888233807424
25,2022preEE,ele,0.98,100.0,180.0,4570,2753,3.688024400104452,0.6125661644493834,123.37558534353168,3.7521336167081927,2.4315047081021675,1.0,0.6120877868144435,123.41936752130859,3.66183039548198,2.4068478648421205,1.0101900884441035,0.6110394976698006,123.41955224374549,3.655470321699806,2.396993080195564,0.9914762176980325,0.6150942446986214,123.43796086026114,3.699243567263375,2.410341125596311,0.9699352298724879,0.6029974200225449,123.41558207489878,3.701281481087279,2.4137458741485887,0.9516509433257235,0.5906761804603824,123.47142415121324,3.699807828912991,2.4068478648421205,1.0796077563465307,0.5880122870600764,123.44173638334527,3.6728233350265205,2.3930694153957432,0.9014275094845953,0.004911808320542832,0.002049314737365435,-0.013161305738703,0.002223735736438389,-0.03498126709159799,0.004734145291123364,-0.03768530626504263,0.004649580969698467,-0.0007809403501249923,0.0026215614135244505,-0.0024922479695806965,0.0025529705517894127,0.022596120834350586,-0.020375072956085205
25,2022preEE,mu,0.98,100.0,180.0,5172,3194,4.04251347652436,0.6294783469137142,124.34189554881243,2.6902962044995937,1.477418875178543,1.0,0.6297191467957332,124.3630480620611,2.705512213405986,1.487411904815076,1.0012540874976381,0.6283138172716919,124.36316853174154,2.7091613760926037,1.487411904815076,0.9827349854827654,0.6318558800073033,124.36760222721226,2.7071727706531945,1.4722158511364611,0.9633272132551608,0.619386940105717,124.353501509069,2.6969025979282515,1.486629581417887,0.9447685940165915,0.6121457874655847,124.41903822594516,2.784966388609746,1.4977093420829277,1.072979019366107,0.6067601513330982,124.37097896520542,2.7441219034880415,1.4922127612669556,0.8963678333536594,0.003393152681544942,0.002097221098448564,-0.0142076728548447,0.0022880678269565392,-0.027906661913598918,0.003839169333928978,-0.03430398209637575,0.0037463083486644335,0.0003825387850107109,0.002103946822242365,-0.001849991580698318,0.0021538326598303007,0.021930575370788574,-0.01973259449005127
25,2022preEE,all,0.98,100.0,180.0,9739,5947,7.730537876628812,0.6215127808824312,123.88089585228167,3.2763093711469637,1.8933545854784626,1.0,0.6213582310638514,123.91102620719971,3.234000462708356,1.8930326661087165,1.0055911919543246,0.6201181014185664,123.91106198947878,3.2322550693553085,1.8909990793862903,0.9869904409453062,0.6239169661723,123.922429629652,3.253911357399586,1.8897946317465752,0.9665531745999411,0.6116209635292179,123.90424998155353,3.2512900961106235,1.8966079998078271,0.9481299791601014,0.601857104870482,123.96750379861356,3.2873799885780923,1.9017996280138618,1.0763259937066358,0.5978092401751353,123.9273206627736,3.2543680832450863,1.8986222164388877,0.8989099913883295,0.004117970891071465,0.001472512536064298,-0.013702450984595771,0.0015822460884998334,-0.03138467508506437,0.002933195797235175,-0.03597518148945811,0.003016675002800113,-0.00024866716073068673,0.0016089850136875106,-0.0022440076966473432,0.0016087277468510726,0.02225080011978126,-0.02004172063812508
25,2022postEE,ele,0.98,100.0,180.0,4344,2650,9.293127654739536,0.5861821369539741,123.432397250399,3.705178387920934,2.438891549014855,1.0,0.5805908914025101,123.45891124421988,3.6345175148180364,2.4387786721569142,1.000408270408573,0.5790377097941337,123.45689310101196,3.6308256748299144,2.4382841884864135,0.980815930384551,0.5828260334165034,123.44468496017683,3.710632628963649,2.425782146008494,0.968780298328061,0.5702189514250237,123.43841773873082,3.691425183968168,2.4327984633803155,0.951837082131624,0.5613893143566683,123.55086969856384,3.6305654469375277,2.4100960634994735,1.090372010005825,0.5584762369986024,123.52572837059644,3.5990447505958776,2.396292907310432,0.9098590778151542,0.0038497710644305183,0.002491154205157912,-0.015230024262574249,0.0025833134188237017,-0.03307247380243483,0.004771421623672483,-0.03550973010521474,0.005102087586801123,-0.009538409990652919,0.0024213911608158313,-0.012188067000754366,0.002468513954256501,0.021663188934326172,-0.01949995756149292
25,2022postEE,mu,0.98,100.0,180.0,4948,2987,11.091730122070441,0.5787016484166045,124.23799522027272,2.7842495918432886,1.505243276070651,1.0,0.5719988080128996,124.25941632298913,2.7370309893006173,1.5091560189388176,0.9958691840110351,0.5709368117852872,124.25790958362384,2.733835368278223,1.5091560189388176,0.9772846846206819,0.5771620614812984,124.26445094244174,2.785414929712206,1.492452364954076,0.9568440255727866,0.5647882741841078,124.25502724029424,2.781785388190337,1.5043026872796474,0.9400804473700689,0.5484769894928412,124.3247647017848,2.7470831462143916,1.4832653931037427,1.0816873957526674,0.544398337870299,124.28706755332506,2.7369216287199136,1.482907521577836,0.9049575798349162,0.009026685713447113,0.002465514451940833,-0.010769208560844512,0.002697018431008714,-0.04112214604392661,0.004805882534569233,-0.04648233108669919,0.0050682376766178145,-0.011582549353444382,0.00271480173807352,-0.01341768535231036,0.0025984877579668755,0.023411989212036133,-0.021086275577545166
25,2022postEE,all,0.98,100.0,180.0,9292,5637,20.384857776809973,0.5820880643062497,123.87073610792554,3.261522488591438,1.881075703991634,1.0,0.5758981256014866,123.89316536438434,3.2041668234527165,1.8821109740307662,0.9979240276518357,0.5746113273964776,123.89177474912779,3.200408277397961,1.881075703991634,0.9788832789778913,0.5797435482145562,123.8888369905926,3.267911510763878,1.8718441175162042,0.9622475742206686,0.5672634731660755,123.88089306411936,3.2560140986747053,1.8828624003140106,0.9454026739287217,0.5543479893101465,123.96841915922226,3.2077596810654163,1.8626200402329545,1.085618919149223,0.5507902460496384,123.93656650747738,3.1858249133082785,1.857632951351377,0.9071764871376176,0.006677261901231857,0.0017188692467624742,-0.012787520677141284,0.0017945724519125405,-0.037420049368683705,0.0032444811242431353,-0.041455989833633744,0.0033698685414631567,-0.010634024444635348,0.0019906513501140614,-0.01284468342205769,0.0019440821026951683,0.022610213226307272,-0.020358993161587843
25,2023preBPix,ele,0.98,100.0,180.0,3052,1707,6.505356134670994,0.5664864127928262,123.77943198266087,3.803788780546107,2.4756305596517976,1.0,0.5590031927387412,123.82967924602686,3.7056752059200035,2.4321842649489156,1.0048684722211276,0.5591887268974973,123.83460222630883,3.6887815211750845,2.4288256645064905,0.9842180434947077,0.561075278286239,123.8378491510256,3.7344858407029293,2.437527511466598,0.9684638471077932,0.5500531541521755,123.822779557494,3.7298806272773106,2.4468179944221333,0.9463351306284572,0.5377208504470409,123.88796004283708,3.6841787878182286,2.4288256645064905,1.0992415056860838,0.5384000836879971,123.84636953658833,3.6516636421110342,2.416033947736146,0.9091722692029935,0.003706750827926486,0.003409670949575198,-0.016337190479514874,0.0034139453836127057,-0.03807195123060236,0.007077558988905103,-0.03717643473401233,0.007249770982949249,-0.013209884447522913,0.003659680642806457,-0.01288236704451684,0.003514198444370498,0.020428895950317383,-0.01850104331970215
25,2023preBPix,mu,0.98,100.0,180.0,3636,2037,7.9258489053117405,0.5749394347757624,124.24541928056533,2.9808636853599966,1.535475028274604,1.0,0.5670177294391028,124.24750138024757,2.957458498051065,1.5453500474816977,0.9966061930664816,0.566607037648532,124.2507445693049,2.9472580604400727,1.544054192079578,0.9753364998437088,0.5652699399446784,124.25679895781687,3.009395754493326,1.533813953781788,0.9684377767920439,0.5531473433660449,124.24450889755799,3.0005745984615517,1.5403804593406178,0.945345703075534,0.5424210729081109,124.33940839864532,2.919075117893381,1.548750891916498,1.0754340362752177,0.5383900670033192,124.29465089661623,2.8898259229167422,1.5257420327997693,0.8940017011516129,-0.0030824247703035157,0.0034223721880945316,-0.023754901348112534,0.003456469478344061,-0.04337899020427982,0.005969809385889654,-0.049799894407093426,0.005853230614577706,-0.013778330129240901,0.0031601050625833173,-0.014492651961645509,0.003053044972805288,0.024300336837768555,-0.02219003438949585
25,2023preBPix,all,0.98,100.0,180.0,6687,3744,14.431205039982736,0.5711118543784416,124.03535966886258,3.384693919727737,1.9476265456846704,1.0,0.5633694804992564,124.05823980127504,3.323867343666522,1.9442824095588662,1.0003669460703926,0.5632297384367168,124.06205155172805,3.310663962579907,1.9434434750757248,0.9793780983528722,0.5633789481789843,124.0671762847365,3.363509611622522,1.9357951417327968,0.9684469120199831,0.5517550742857141,124.05332951105405,3.3574820298160675,1.941996945955168,0.945793218027635,0.5402727466348276,124.13276855439655,3.2991059716960573,1.9442824095588662,1.0862532804852476,0.5384111366501922,124.0890541992911,3.269038378783084,1.9323230009241286,0.9008904201305884,1.6805453713075735e-05,0.0022931376058168296,-0.020372972817187085,0.0023137276484509533,-0.04099748861787922,0.004309634842173439,-0.04406479291276466,0.004344229676683784,-0.013556668137472694,0.0024844516729397074,-0.013801352364333552,0.00237629405599166,0.02253983999672152,-0.020512504675410954
25,2023postBPix,ele,0.98,100.0,180.0,2901,1564,3.1460578382357234,0.5674613944040169,123.80882860692806,4.16256346701144,2.551434314392232,1.0,0.5603920987374131,123.82800081625675,4.044250091595543,2.5465509726820983,0.9981347732603177,0.5598497688377622,123.83104480695678,4.0380358373110194,2.5401167245471967,0.9763853784115323,0.5595439841453412,123.83397457244486,4.061504604206142,2.5612724744967466,0.9704109774269299,0.5469672537758128,123.81991722871479,4.061379307331449,2.5612724744967466,0.9482846630513895,0.5291237969850029,123.89393906934664,4.027130728489939,2.5401167245471967,1.0927842906943321,0.5257710435530649,123.84153614752032,4.0073167869550375,2.5307526777992635,0.9005694513260784,-0.0015134306746700243,0.003280068086936593,-0.023010664251399526,0.0034764709421877494,-0.05579718526163924,0.0060774406514897406,-0.06087119649159456,0.006715125761946605,-0.012457756133398945,0.0036678720896712,-0.013413468548373997,0.0034911353704098545,0.022780895233154297,-0.020732581615447998
25,2023postBPix,mu,0.98,100.0,180.0,3800,2116,4.440865516642276,0.5800816356389499,124.36067558267384,2.835405436921266,1.575833808641292,1.0,0.5715106597097508,124.3857394693697,2.7929830573943217,1.5855579645831597,1.0024869175337496,0.571457569628681,124.38508668807616,2.780581627155325,1.5843422088384074,0.979799084264374,0.5715011329317284,124.39342922077623,2.802467641551465,1.5604259662318327,0.9618710160424434,0.5606329836651198,124.38268206124721,2.7971562657305475,1.5701217349690495,0.9399291492204568,0.5424344441502503,124.44922138859542,2.794971699278756,1.582481198139753,1.0896583523774541,0.5397622661381744,124.41294901343085,2.7532864115623856,1.5756549715058625,0.9025817291928692,-1.666946689526938e-05,0.0029411963002382285,-0.01894206418613853,0.003305840505089972,-0.05087606865332517,0.005429327054078534,-0.05546396648678831,0.005598237249590636,-0.014775465042533686,0.0031174568997398232,-0.014866986783282021,0.0030218076188903743,0.024311304092407227,-0.02221667766571045
25,2023postBPix,all,0.98,100.0,180.0,6701,3680,7.5869233548779995,0.5747809178491118,124.1318420460288,3.4589935788452086,1.9445839399001201,1.0,0.5668524534605129,124.15473368866427,3.379297328727887,1.9565377217658906,1.0006589422878989,0.5665919605567304,124.15561402451462,3.370063521307846,1.9509485695447708,0.9783652692519202,0.5664531602130937,124.16012398823055,3.3961484629755696,1.9469767474969117,0.9654579463072922,0.554863659513764,124.14847817181929,3.3925648659598737,1.9522036167233665,0.9434386083490405,0.5368344533275922,124.21896117524474,3.3722999369488185,1.9520664994951673,1.0909713000888137,0.533893318486668,124.1769029495435,3.340949339787262,1.9325120911487232,0.9017365379728258,-0.0007044041972150694,0.0022329850430781078,-0.020699730775287084,0.00252034014136321,-0.05295557944517537,0.003934706839852742,-0.05771109430838539,0.004354380741251931,-0.013793889362694878,0.0024551155655067637,-0.014247093175996928,0.002410900924019195,0.023675066992323607,-0.021599694196518127
25,2024,ele,0.98,100.0,180.0,4480,2352,34.810781982481224,0.4929867309655924,123.45719876551408,4.08278791163161,2.7753099217021315,1.0,0.48442734773617674,123.48674097793426,3.9799309531021594,2.7541797621402537,0.9864813943843519,0.4832245849057566,123.49713364456113,3.9722639441599643,2.7541797621402537,0.9668609439790725,0.4841004485792492,123.510673973215,4.0380272222202125,2.7770777080137563,0.9591607470329381,0.4711300074380648,123.50568914416685,4.031509218757582,2.7850189734478477,0.9454251979904467,0.45822703200084375,123.5753618256018,3.8390011556795565,2.7225110323758273,1.087003932864164,0.45615469120559854,123.52739274866182,3.8499050410108584,2.720232923122218,0.9107684060102013,-0.0006748156528635363,0.003614222246283079,-0.025028895146240515,0.0035651850372199548,-0.05408512929291087,0.005950408996982211,-0.05601928077694451,0.006398898343457148,-0.017362299412503,0.0032467928659548288,-0.019802046275596785,0.00326756598164224,0.02049386501312256,-0.018708765506744385
25,2024,mu,0.98,100.0,180.0,5560,2974,48.11469491951327,0.5199010270292922,124.27089475320322,2.8905549663390984,1.5586627197929062,1.0,0.5108127049040084,124.31306337749383,2.84142741369691,1.5622029807988653,0.9865086628351609,0.5100654065568224,124.3103975555088,2.8382031210932595,1.5605772518023286,0.9665682238915987,0.5097644980612391,124.31478481739326,2.8307663954104028,1.542760503790582,0.9573659942172226,0.4988456399974537,124.30236420124375,2.8302473356491675,1.563009685982884,0.9417463598066222,0.48364000443202654,124.3603604690003,2.8380853128649894,1.5537234846017114,1.0936923604067736,0.4799189184094259,124.31220536555628,2.8201202485071057,1.5441153587780292,0.9104542235899972,-0.0020520375329471374,0.0027711564118408083,-0.02199672123445373,0.00283913545534642,-0.05319503648032431,0.004650956206538826,-0.0591031811996412,0.00440015230771917,-0.01748086972863727,0.0029916675406026125,-0.018918255516190086,0.0028877286595689767,0.02141702175140381,-0.01938563585281372
25,2024,all,0.98,100.0,180.0,10038,5325,82.91499137383785,0.5082556398164356,123.92984460953566,3.4649560568420843,2.0081820153042855,1.0,0.4994079255320286,123.96666284422801,3.391102276285795,2.007881941005934,0.9864824751510914,0.49846359691949466,123.96960435844301,3.3847940103749172,2.006955447589867,0.9666791367057871,0.4986898713695227,123.9769520380483,3.4143965138070675,2.0027336340151933,0.9580974419859176,0.48687284757901156,123.96830012487995,3.409450718440766,2.0103751215050565,0.9432907800124548,0.4726955782518981,124.03250816803418,3.316360775633812,1.984375275330791,1.0908161508908516,0.4696551713113996,123.98261276011947,3.31518703544679,1.9799734684846513,0.910583738129437,-0.0014378109072678003,0.001992928061938968,-0.023252950490495028,0.002077302640792446,-0.05348803235686206,0.003868995485591938,-0.05779444233466824,0.003824493471515731,-0.017408000209505725,0.002265456027388009,-0.019265979813775425,0.0021515450341070418,0.0210312437101978,-0.01910277845121665
30,2022preEE,ele,0.975,100.0,180.0,6159,3809,5.015096454096459,0.623841473057158,123.48633377821598,3.952849662210996,2.3426357393382276,1.0,0.6225420447583023,123.5168725866573,3.8969211811924893,2.3440730598553685,0.986639789104585,0.6190600932190211,123.51478975446169,3.9142549972929253,2.3426357393382276,0.954906857381655,0.6233952537572747,123.52328525346228,3.952624355988125,2.3419799038120033,0.9391990818236197,0.6100015211785598,123.50136583320239,3.95981974173256,2.3535111255501704,0.9132900615080869,0.6073255750493949,123.57808724832992,3.866974555694202,2.330879427060367,1.0777592908553673,0.601223672722117,123.5353027534102,3.8449292196516254,2.327566063899674,0.8926157661147062,0.0013705242981678634,0.0019056649382093523,-0.014632783052382026,0.001942396292051208,-0.024442477158012843,0.0040561318248155415,-0.028812098683598575,0.0040406361494360185,-0.002082946317255474,0.0017852082152036532,-0.007664414830751087,0.0018018696184699248,0.02870035171508789,-0.0272367000579834
30,2022preEE,mu,0.975,100.0,180.0,7289,4601,5.7498334471400945,0.6375566615208033,124.3166910321003,3.1126259506328076,1.4668108210929915,1.0,0.6378313568393609,124.34397194205056,3.132882569252852,1.4695218785785684,0.9838911434363794,0.6342013519720104,124.33741361466916,3.1465002724724798,1.4697348656849627,0.9520366709925104,0.6400644364201404,124.35939806742121,3.1645904279874792,1.4537445142848213,0.9325517171733069,0.6256565743570719,124.33993861649626,3.2275654367590363,1.469490445827013,0.9065171168667335,0.6237226067778717,124.41436774568217,3.147053509991135,1.4662272678304191,1.0753821377661177,0.6179758492348708,124.3696062827405,3.1317716953364165,1.459823710714197,0.8877863547808604,0.0035010501707615216,0.0018791283263344329,-0.01347328823625038,0.002035700735216642,-0.022119875277694212,0.003149172585662307,-0.02558415034387329,0.0030468886904401332,0.0004308563224832973,0.0018603234559134874,-0.005262762906106611,0.0018780747190720298,0.029332637786865234,-0.02795720100402832
30,2022preEE,all,0.975,100.0,180.0,13447,8409,10.764488625475956,0.6310833033334146,123.93042641536016,3.5521972472506045,1.84318529740883,1.0,0.6306080828129048,123.95901340697856,3.533016243314334,1.8400338276200117,0.9851934632274049,0.6270472772593264,123.95446409300318,3.5481975692118954,1.8408618209446743,0.9533966099999068,0.632168341293299,123.97000562247828,3.5772153815752596,1.832690356111648,0.9356818167975758,0.6182395757506939,123.94905756557033,3.6112813182630457,1.845389259179946,0.9097090603044765,0.6159803189078007,124.0256567447882,3.5245730104680613,1.8367020641965865,1.0765148144151422,0.6100519025874706,123.98135795165518,3.5062646860440094,1.8339484052649837,0.8900713112255739,0.0024742126257475405,0.0013950415528458417,-0.014046311702570313,0.0014576177869115913,-0.023196283561503384,0.0026311352821012826,-0.027103817029775712,0.0024848382358533655,-0.0007530234408034131,0.0011632715118184754,-0.006395393528508264,0.0011970327547873654,0.029037869443611045,-0.02762130736401544
30,2022postEE,ele,0.975,100.0,180.0,5845,3675,13.057681293431061,0.6067897258572095,123.6116039196667,3.628796446437055,2.453661380424883,1.0,0.6006025023794603,123.6226841103487,3.549112944059807,2.4638692768841395,0.9831035035393209,0.5975981557687873,123.61508223680613,3.5544185341537577,2.46331398593572,0.9483423921847796,0.6027412458498237,123.62757247224016,3.5929822206423485,2.4563436122511817,0.939270593682684,0.5895645433915443,123.59712911675166,3.5997898487611364,2.467482379615838,0.9103324141693265,0.5855826945073818,123.67688624600545,3.509482892007826,2.446565927861208,1.0797029642909768,0.5798903189894957,123.62390754965615,3.5100442445557114,2.4453626393189722,0.8854305493300493,0.0035609966023952833,0.0018940219948948463,-0.01344316795440581,0.0020435283691000623,-0.0250079009204478,0.00458653762184015,-0.029631679094643593,0.004589536310301867,-0.010196651680297486,0.0020749749213537392,-0.015147867039833729,0.002127460619094494,0.02794015407562256,-0.026730775833129883
30,2022postEE,mu,0.975,100.0,180.0,6882,4277,16.15246166023196,0.5961520692006526,124.3729425358335,2.859905827975566,1.493856961414032,1.0,0.5909363283763192,124.38974974818295,2.8436457289995127,1.4952479396962914,0.9770051893357209,0.5879207276912506,124.38277647225745,2.8652622578186,1.4944644569279575,0.9438336122125037,0.5955204585638015,124.40227880845265,2.833732631307025,1.4774538318831887,0.9325204665527667,0.581686839208997,124.38215477691223,2.857972611859006,1.4905539670230183,0.9058322616051662,0.5804031165691738,124.45500787173309,2.7547302121846724,1.4776971976615414,1.0733681504656691,0.5744444684356459,124.40825372895158,2.7554952306531035,1.4680533673928267,0.8852109141252098,0.007757401207805215,0.0020068976645083703,-0.010603280661210746,0.0019284587621394248,-0.017824613755067165,0.0038314882232984176,-0.02292189851602211,0.0037708788764085374,-0.008749010686697645,0.002216762726268605,-0.013807452719972857,0.0021914949478810913,0.028743982315063477,-0.027446985244750977
30,2022postEE,all,0.975,100.0,180.0,12727,7952,29.210142953663023,0.6008609108253253,124.03260469421258,3.248476600663671,1.8884674981112894,1.0,0.5952299799180151,124.04594881178221,3.2020589066198863,1.893046870271533,0.9797046556457698,0.5922158980653789,124.03895110994434,3.2151055980778285,1.892804341978973,0.945829458806862,0.5987296503477292,124.05566299389446,3.2189408252391343,1.8800345438922434,0.9355084629346195,0.5851836005499335,124.03108827925459,3.2346061355274265,1.893046870271533,0.9078242892100837,0.5827034191653856,124.10772868964573,3.138193478442118,1.8811423022038554,1.0761723051764507,0.5768554499475433,124.05918189743085,3.138268776145786,1.8732844314129906,0.8853081373603808,0.005879526481841868,0.0015680252843094347,-0.011874550376675397,0.0015491252565800002,-0.021044908985187294,0.002978348241264821,-0.025937243778855423,0.003058729118499173,-0.009371438224489936,0.0014986865744972902,-0.014387710373889862,0.0014295864179371036,0.028381452605124858,-0.02712397197212585
30,2023preBPix,ele,0.975,100.0,180.0,4177,2427,9.032430018179127,0.5964002363790011,123.87693798513983,3.889936504218376,2.4087184956110335,1.0,0.5911202251396028,123.90729064068177,3.8518844010049005,2.4110320838950017,0.980511820133106,0.5885104813312737,123.89503668600075,3.8575783100092096,2.4087184956110335,0.9459188957514516,0.592885964335035,123.94285569199144,3.847909886081844,2.404149666606166,0.9341426607155972,0.5799419117455268,123.90659849672477,3.863079080711256,2.4104900625793775,0.9060672862205333,0.5677833118748645,123.99158975609551,3.773762357243469,2.365910483786365,1.0842008975940545,0.564540688348112,123.94468174710953,3.770456391400392,2.3533176558527913,0.889426098689574,0.002987106717614374,0.002896034708344131,-0.014559756975549343,0.002717073640411631,-0.03947913177768003,0.00522460715713511,-0.04072959402343945,0.0052184326368677385,-0.008853134048798283,0.0027129299738054605,-0.013228960296242431,0.0029196359318105227,0.02774953842163086,-0.026683509349822998
30,2023preBPix,mu,0.975,100.0,180.0,5265,3080,12.080012838813849,0.5969369942372594,124.30301189156663,2.939849530896743,1.4977953636530117,1.0,0.5925044721655556,124.3221851830991,2.9266266546092825,1.5079445312278636,0.9802948103639826,0.590251107192557,124.31496233415405,2.945642564103889,1.5085078514074581,0.9446974880015244,0.5935080182097134,124.32074133534009,2.981318511894341,1.5031165256663712,0.9297564109559787,0.580793545255813,124.29331891436901,2.9805423485962823,1.5203558853979828,0.8993696438711296,0.5759926883251999,124.41131066335008,2.859803925783977,1.4855541405284143,1.09080522568446,0.5725438843589695,124.36800102570626,2.865571092733687,1.4819839630691334,0.8902657060280021,0.001693735813486752,0.0022602017473983063,-0.01602294654173131,0.0022834754410156273,-0.027867779259127756,0.004811274745003924,-0.029999474152296535,0.004520206455209973,-0.0074254437478239455,0.0022119892142535968,-0.011200322830126064,0.0021962651346376784,0.02885723114013672,-0.027265191078186035
30,2023preBPix,all,0.975,100.0,180.0,9442,5507,21.112442856992974,0.596707237620091,124.12072683964534,3.385744194395274,1.8184374384371935,1.0,0.5919118768754389,124.14480664016757,3.3598610646789084,1.8226192921613844,0.9803877003509276,0.5895054900112552,124.13538594925413,3.372400253709575,1.8207316447423594,0.9452203057087807,0.5932410340297382,124.15865070650679,3.3855244075787136,1.8164270983128716,0.9316339240493041,0.5804274598645329,124.12722133468358,3.393282657640254,1.823200714209115,0.9022365374350085,0.5724909045407667,124.23374712464819,3.284258633376462,1.7940386358790903,1.0879782748399118,0.569120003451583,124.18835622928412,3.2868768354807005,1.7806436834300428,0.8899063161488249,0.002245532158123842,0.0017565567990585264,-0.015399398819083032,0.0016018045595199888,-0.032810580583702564,0.0038533893223902096,-0.034580655999120524,0.003695413645897283,-0.008036371007963616,0.0017135933324450075,-0.012069147405617708,0.0017501709079753484,0.028378718594720225,-0.027013910195129665
30,2023postBPix,ele,0.975,100.0,180.0,3952,2189,4.3693632087447805,0.5791801987234771,123.851788227874,4.634125684616261,2.6640944182978075,1.0,0.5750834392163384,123.88867801867966,4.584293965758917,2.6640944182978075,0.9867432663632141,0.5729878552824559,123.88368934418163,4.584202091414471,2.662401396291024,0.9507365522452684,0.5765695684219232,123.90943682900765,4.72657141704031,2.706610169760573,0.9384351754186878,0.5641883217457418,123.8843961075603,4.714309370711337,2.701442204967833,0.9107685401834449,0.5517722776408077,123.94250035619059,4.563865181273462,2.679788641966475,1.079028075382514,0.5461675778596029,123.92144648123623,4.592552355086091,2.661264574751776,0.8792218302076907,0.0025841975342046908,0.003196754072146474,-0.01535727756808436,0.0032933082166757104,-0.04053526842521604,0.0053636609229908445,-0.04680775897009515,0.00525058110024285,-0.007073376327726755,0.0036267641876391774,-0.010691566208011372,0.0036074885667969152,0.02748894691467285,-0.026481688022613525
30,2023postBPix,mu,0.975,100.0,180.0,5276,3026,6.282907389582323,0.5920212245270713,124.32163382139699,2.7790656253932493,1.452648701227865,1.0,0.5861671430250696,124.34445133819379,2.728478195097361,1.4528493964660925,0.9754951443683672,0.5833446719429735,124.3357156125679,2.7297637195025453,1.4516651398599052,0.9400092184238348,0.5881494153348258,124.35941957273181,2.767497788754677,1.4413859235865374,0.9215955536936782,0.5742015656233385,124.33979692416746,2.783094425197703,1.4527208381788697,0.8924891814778384,0.5688466296801935,124.40416164912575,2.689150794863944,1.4578377088207546,1.0773049370768528,0.5646222235307177,124.35077555883097,2.6818401622022865,1.43701100289843,0.880287468335603,0.003381752684952888,0.00241250934474085,-0.015673591890676963,0.0025285968965338135,-0.02954876190345468,0.004710077745501793,-0.03209500199924009,0.004503529806628034,-0.009888296668211782,0.0024861164023468403,-0.014655813380726301,0.002527555444569312,0.02748715877532959,-0.026160359382629395
30,2023postBPix,all,0.975,100.0,180.0,9227,5214,10.649367305071785,0.5866197170596155,124.12822679071338,3.6632402391231005,1.8993680188737514,1.0,0.5814665023454222,124.15526334647322,3.62083863082443,1.9051231916612537,0.9801743705784557,0.5789485020552189,124.14796197472228,3.6217248497410424,1.903507116793584,0.9444730141187963,0.5832403607455038,124.17217326015411,3.7152976737005527,1.9051231916612537,0.928636882678881,0.5699471684462292,124.14982977912938,3.7179082147645497,1.9194581874278427,0.9001349154341661,0.5617120061040268,124.21524065607453,3.583086709732435,1.8975508384654631,1.0781105114678131,0.5569261640250449,124.1756348538864,3.5912224524698044,1.8825516591900424,0.8799186007551454,0.0030506630956839142,0.0018603527372579416,-0.015547727607957751,0.0018837815194802652,-0.0339735757119507,0.0035565525297951888,-0.03803850938727105,0.003517921862948225,-0.008784591728391522,0.002202174107127328,-0.013076981187826298,0.0021873971755278585,0.027487895857828175,-0.026292813107625327
30,2024,ele,0.975,100.0,180.0,6014,3330,50.31758486794054,0.5366361823652694,123.59311997423573,4.092898377863366,2.581774804978636,1.0,0.5330572497698639,123.63247652720861,4.073498549558903,2.5784288202772174,0.970163929651712,0.5294182313554961,123.62996246083283,4.1104033078851225,2.581774804978636,0.9376384330468783,0.5320113556162323,123.63970808536723,4.144566969919146,2.6022084078108136,0.925767111890988,0.5182763344054183,123.60504177371371,4.176503676166696,2.6167048779489903,0.9031406914105724,0.5156029517262324,123.67285762228904,3.9521192357985946,2.5666576673144945,1.0943931197369052,0.5088635191456955,123.62686667496904,3.97223805015232,2.545924203820853,0.9044247342195647,-0.0019620672152629304,0.0025127079912059644,-0.021045548283349924,0.0025961358899041823,-0.03274375885735925,0.0046231026302531045,-0.038825093267327415,0.0049356544315788215,-0.006669197331478971,0.002797493714502947,-0.01345036217639961,0.002916278393282297,0.027343273162841797,-0.026239454746246338
30,2024,mu,0.975,100.0,180.0,7749,4283,68.43319546405743,0.532002694015498,124.18059994070067,3.4512301050848806,1.5702154647169877,1.0,0.5251728942668422,124.19955243012087,3.317820477811994,1.5725630042640333,0.9615454295675187,0.5222523569342153,124.19315643534524,3.340689937135693,1.5725630042640333,0.9296003442475109,0.5252147797619476,124.19469193245914,3.2279380502323844,1.5643445149570638,0.9206170562322221,0.5117638443675335,124.17158260820973,3.248398142759254,1.5739917756104447,0.8981336012849236,0.5109497380361097,124.22919851115842,3.2484730864969027,1.5666618812407975,1.081311440867368,0.5063314329434387,124.18254821106068,3.2445486694538097,1.5640583154701773,0.8953375329209731,7.975563012241338e-05,0.0022227225034921307,-0.020083226868046422,0.0023478378674161153,-0.027082807178364643,0.0039595939248550415,-0.0304851165904495,0.004154646454137704,-0.012837904441996839,0.002560246789162425,-0.018327608470717016,0.0026134270744666275,0.027474522590637207,-0.025966405868530273
30,2024,all,0.975,100.0,180.0,13762,7613,118.75078033199797,0.5339773253468115,123.9316704348215,3.7478581332018486,1.9552732388678322,1.0,0.5285380529624975,123.95716803843614,3.670697015709933,1.959358560523846,0.9651736132824835,0.5253139255999759,123.9526500156719,3.6995919715902184,1.9575619194423126,0.9329811859141984,0.5281184991760957,123.95820761722861,3.657115533629911,1.9566312295711654,0.9227742172834321,0.5145469291119613,123.93020578588187,3.6832802003792775,1.963698354956044,0.9002303079417019,0.512941140782323,123.99177466170921,3.5763872662616403,1.957354160535381,1.0868360453873234,0.5074228474406949,123.94622162897176,3.582739116619903,1.9430984020824411,0.8991730927721416,-0.0007938005296878048,0.0016353626392589988,-0.02049630889894516,0.0017023033436731822,-0.029509535014087485,0.003267790470063539,-0.03405787908410596,0.0033629964928083155,-0.010186335872560348,0.0018566075778212274,-0.01622428394540698,0.00188707621418676,0.027418931712048664,-0.026082056102324152
